TEMPORAL;TERRITORIO;TIPOMATRIMONIO;INDICATOR;OBS_VALUE;FREQ;EDAD;EDADC2;SEXO;SEXOC2;ESTADOCIVIL;ESTADOCIVILC2;DURACMATRIM;NUMHIJOSMENORED;CUSTODIA;NACIONACONYUGES
2020;ES61;5669;DIV;13992.45022;A;_Z;_Z;_Z;_Z;_Z;_Z;_Z;_Z;_Z;_Z
2020;ES61;5664;DIV;13849.59059;A;_Z;_Z;_Z;_Z;_Z;_Z;_Z;_Z;_Z;_Z
2020;ES61;5668;DIV;142.85963;A;_Z;_Z;_Z;_Z;_Z;_Z;_Z;_Z;_Z;_Z
2020;ES61;5666;DIV;63.90317;A;_Z;_Z;_Z;_Z;_Z;_Z;_Z;_Z;_Z;_Z
2020;ES61;5667;DIV;78.95646;A;_Z;_Z;_Z;_Z;_Z;_Z;_Z;_Z;_Z;_Z
2020;ES611;5669;DIV;1287.5417;A;_Z;_Z;_Z;_Z;_Z;_Z;_Z;_Z;_Z;_Z
2020;ES611;5664;DIV;1280.21692;A;_Z;_Z;_Z;_Z;_Z;_Z;_Z;_Z;_Z;_Z
2020;ES611;5668;DIV;7.32478;A;_Z;_Z;_Z;_Z;_Z;_Z;_Z;_Z;_Z;_Z
2020;ES611;5666;DIV;2.13486;A;_Z;_Z;_Z;_Z;_Z;_Z;_Z;_Z;_Z;_Z
2020;ES611;5667;DIV;5.18992;A;_Z;_Z;_Z;_Z;_Z;_Z;_Z;_Z;_Z;_Z
2020;ES612;5669;DIV;1956.38358;A;_Z;_Z;_Z;_Z;_Z;_Z;_Z;_Z;_Z;_Z
2020;ES612;5664;DIV;1931.19626;A;_Z;_Z;_Z;_Z;_Z;_Z;_Z;_Z;_Z;_Z
2020;ES612;5668;DIV;25.18732;A;_Z;_Z;_Z;_Z;_Z;_Z;_Z;_Z;_Z;_Z
2020;ES612;5666;DIV;12.59366;A;_Z;_Z;_Z;_Z;_Z;_Z;_Z;_Z;_Z;_Z
2020;ES612;5667;DIV;12.59366;A;_Z;_Z;_Z;_Z;_Z;_Z;_Z;_Z;_Z;_Z
2020;ES613;5669;DIV;1295.68526;A;_Z;_Z;_Z;_Z;_Z;_Z;_Z;_Z;_Z;_Z
2020;ES613;5664;DIV;1287.68258;A;_Z;_Z;_Z;_Z;_Z;_Z;_Z;_Z;_Z;_Z
2020;ES613;5668;DIV;8.00268;A;_Z;_Z;_Z;_Z;_Z;_Z;_Z;_Z;_Z;_Z
2020;ES613;5666;DIV;2.97697;A;_Z;_Z;_Z;_Z;_Z;_Z;_Z;_Z;_Z;_Z
2020;ES613;5667;DIV;5.02571;A;_Z;_Z;_Z;_Z;_Z;_Z;_Z;_Z;_Z;_Z
2020;ES614;5669;DIV;1333.9225;A;_Z;_Z;_Z;_Z;_Z;_Z;_Z;_Z;_Z;_Z
2020;ES614;5664;DIV;1327.84207;A;_Z;_Z;_Z;_Z;_Z;_Z;_Z;_Z;_Z;_Z
2020;ES614;5668;DIV;6.08043;A;_Z;_Z;_Z;_Z;_Z;_Z;_Z;_Z;_Z;_Z
2020;ES614;5667;DIV;6.08043;A;_Z;_Z;_Z;_Z;_Z;_Z;_Z;_Z;_Z;_Z
2020;ES615;5669;DIV;832.55851;A;_Z;_Z;_Z;_Z;_Z;_Z;_Z;_Z;_Z;_Z
2020;ES615;5664;DIV;821.20909;A;_Z;_Z;_Z;_Z;_Z;_Z;_Z;_Z;_Z;_Z
2020;ES615;5668;DIV;11.34942;A;_Z;_Z;_Z;_Z;_Z;_Z;_Z;_Z;_Z;_Z
2020;ES615;5666;DIV;3.78314;A;_Z;_Z;_Z;_Z;_Z;_Z;_Z;_Z;_Z;_Z
2020;ES615;5667;DIV;7.56628;A;_Z;_Z;_Z;_Z;_Z;_Z;_Z;_Z;_Z;_Z
2020;ES616;5669;DIV;886.77634;A;_Z;_Z;_Z;_Z;_Z;_Z;_Z;_Z;_Z;_Z
2020;ES616;5664;DIV;877.37789;A;_Z;_Z;_Z;_Z;_Z;_Z;_Z;_Z;_Z;_Z
2020;ES616;5668;DIV;9.39845;A;_Z;_Z;_Z;_Z;_Z;_Z;_Z;_Z;_Z;_Z
2020;ES616;5666;DIV;6.47589;A;_Z;_Z;_Z;_Z;_Z;_Z;_Z;_Z;_Z;_Z
2020;ES616;5667;DIV;2.92256;A;_Z;_Z;_Z;_Z;_Z;_Z;_Z;_Z;_Z;_Z
2020;ES617;5669;DIV;3009.31704;A;_Z;_Z;_Z;_Z;_Z;_Z;_Z;_Z;_Z;_Z
2020;ES617;5664;DIV;2985.99667;A;_Z;_Z;_Z;_Z;_Z;_Z;_Z;_Z;_Z;_Z
2020;ES617;5668;DIV;23.32037;A;_Z;_Z;_Z;_Z;_Z;_Z;_Z;_Z;_Z;_Z
2020;ES617;5666;DIV;9.34089;A;_Z;_Z;_Z;_Z;_Z;_Z;_Z;_Z;_Z;_Z
2020;ES617;5667;DIV;13.97948;A;_Z;_Z;_Z;_Z;_Z;_Z;_Z;_Z;_Z;_Z
2020;ES618;5669;DIV;3390.26529;A;_Z;_Z;_Z;_Z;_Z;_Z;_Z;_Z;_Z;_Z
2020;ES618;5664;DIV;3338.06911;A;_Z;_Z;_Z;_Z;_Z;_Z;_Z;_Z;_Z;_Z
2020;ES618;5668;DIV;52.19618;A;_Z;_Z;_Z;_Z;_Z;_Z;_Z;_Z;_Z;_Z
2020;ES618;5666;DIV;26.59776;A;_Z;_Z;_Z;_Z;_Z;_Z;_Z;_Z;_Z;_Z
2020;ES618;5667;DIV;25.59842;A;_Z;_Z;_Z;_Z;_Z;_Z;_Z;_Z;_Z;_Z
2019;ES61;5669;DIV;17078.2748;A;_Z;_Z;_Z;_Z;_Z;_Z;_Z;_Z;_Z;_Z
2019;ES61;5664;DIV;16906.61714;A;_Z;_Z;_Z;_Z;_Z;_Z;_Z;_Z;_Z;_Z
2019;ES61;5668;DIV;171.65766;A;_Z;_Z;_Z;_Z;_Z;_Z;_Z;_Z;_Z;_Z
2019;ES61;5666;DIV;83.76808;A;_Z;_Z;_Z;_Z;_Z;_Z;_Z;_Z;_Z;_Z
2019;ES61;5667;DIV;87.88958;A;_Z;_Z;_Z;_Z;_Z;_Z;_Z;_Z;_Z;_Z
2019;ES611;5669;DIV;1684.43364;A;_Z;_Z;_Z;_Z;_Z;_Z;_Z;_Z;_Z;_Z
2019;ES611;5664;DIV;1674.55734;A;_Z;_Z;_Z;_Z;_Z;_Z;_Z;_Z;_Z;_Z
2019;ES611;5668;DIV;9.8763;A;_Z;_Z;_Z;_Z;_Z;_Z;_Z;_Z;_Z;_Z
2019;ES611;5666;DIV;9.8763;A;_Z;_Z;_Z;_Z;_Z;_Z;_Z;_Z;_Z;_Z
2019;ES612;5669;DIV;2350.11045;A;_Z;_Z;_Z;_Z;_Z;_Z;_Z;_Z;_Z;_Z
2019;ES612;5664;DIV;2311.24632;A;_Z;_Z;_Z;_Z;_Z;_Z;_Z;_Z;_Z;_Z
2019;ES612;5668;DIV;38.86413;A;_Z;_Z;_Z;_Z;_Z;_Z;_Z;_Z;_Z;_Z
2019;ES612;5666;DIV;12.66128;A;_Z;_Z;_Z;_Z;_Z;_Z;_Z;_Z;_Z;_Z
2019;ES612;5667;DIV;26.20285;A;_Z;_Z;_Z;_Z;_Z;_Z;_Z;_Z;_Z;_Z
2019;ES613;5669;DIV;1369.08113;A;_Z;_Z;_Z;_Z;_Z;_Z;_Z;_Z;_Z;_Z
2019;ES613;5664;DIV;1357.52818;A;_Z;_Z;_Z;_Z;_Z;_Z;_Z;_Z;_Z;_Z
2019;ES613;5668;DIV;11.55295;A;_Z;_Z;_Z;_Z;_Z;_Z;_Z;_Z;_Z;_Z
2019;ES613;5666;DIV;1.46233;A;_Z;_Z;_Z;_Z;_Z;_Z;_Z;_Z;_Z;_Z
2019;ES613;5667;DIV;10.09062;A;_Z;_Z;_Z;_Z;_Z;_Z;_Z;_Z;_Z;_Z
2019;ES614;5669;DIV;1634.5488;A;_Z;_Z;_Z;_Z;_Z;_Z;_Z;_Z;_Z;_Z
2019;ES614;5664;DIV;1617.68672;A;_Z;_Z;_Z;_Z;_Z;_Z;_Z;_Z;_Z;_Z
2019;ES614;5668;DIV;16.86208;A;_Z;_Z;_Z;_Z;_Z;_Z;_Z;_Z;_Z;_Z
2019;ES614;5666;DIV;11.07616;A;_Z;_Z;_Z;_Z;_Z;_Z;_Z;_Z;_Z;_Z
2019;ES614;5667;DIV;5.78592;A;_Z;_Z;_Z;_Z;_Z;_Z;_Z;_Z;_Z;_Z
2019;ES615;5669;DIV;1003.79841;A;_Z;_Z;_Z;_Z;_Z;_Z;_Z;_Z;_Z;_Z
2019;ES615;5664;DIV;992.62978;A;_Z;_Z;_Z;_Z;_Z;_Z;_Z;_Z;_Z;_Z
2019;ES615;5668;DIV;11.16863;A;_Z;_Z;_Z;_Z;_Z;_Z;_Z;_Z;_Z;_Z
2019;ES615;5666;DIV;11.16863;A;_Z;_Z;_Z;_Z;_Z;_Z;_Z;_Z;_Z;_Z
2019;ES616;5669;DIV;1181.24056;A;_Z;_Z;_Z;_Z;_Z;_Z;_Z;_Z;_Z;_Z
2019;ES616;5664;DIV;1178.20034;A;_Z;_Z;_Z;_Z;_Z;_Z;_Z;_Z;_Z;_Z
2019;ES616;5668;DIV;3.04022;A;_Z;_Z;_Z;_Z;_Z;_Z;_Z;_Z;_Z;_Z
2019;ES616;5667;DIV;3.04022;A;_Z;_Z;_Z;_Z;_Z;_Z;_Z;_Z;_Z;_Z
2019;ES617;5669;DIV;3795.50761;A;_Z;_Z;_Z;_Z;_Z;_Z;_Z;_Z;_Z;_Z
2019;ES617;5664;DIV;3762.58886;A;_Z;_Z;_Z;_Z;_Z;_Z;_Z;_Z;_Z;_Z
2019;ES617;5668;DIV;32.91875;A;_Z;_Z;_Z;_Z;_Z;_Z;_Z;_Z;_Z;_Z
2019;ES617;5666;DIV;14.77819;A;_Z;_Z;_Z;_Z;_Z;_Z;_Z;_Z;_Z;_Z
2019;ES617;5667;DIV;18.14056;A;_Z;_Z;_Z;_Z;_Z;_Z;_Z;_Z;_Z;_Z
2019;ES618;5669;DIV;4059.5542;A;_Z;_Z;_Z;_Z;_Z;_Z;_Z;_Z;_Z;_Z
2019;ES618;5664;DIV;4012.1796;A;_Z;_Z;_Z;_Z;_Z;_Z;_Z;_Z;_Z;_Z
2019;ES618;5668;DIV;47.3746;A;_Z;_Z;_Z;_Z;_Z;_Z;_Z;_Z;_Z;_Z
2019;ES618;5666;DIV;22.74519;A;_Z;_Z;_Z;_Z;_Z;_Z;_Z;_Z;_Z;_Z
2019;ES618;5667;DIV;24.62941;A;_Z;_Z;_Z;_Z;_Z;_Z;_Z;_Z;_Z;_Z
2018;ES61;5669;DIV;16934.828;A;_Z;_Z;_Z;_Z;_Z;_Z;_Z;_Z;_Z;_Z
2018;ES61;5664;DIV;16797.5122;A;_Z;_Z;_Z;_Z;_Z;_Z;_Z;_Z;_Z;_Z
2018;ES61;5668;DIV;137.3158;A;_Z;_Z;_Z;_Z;_Z;_Z;_Z;_Z;_Z;_Z
2018;ES61;5666;DIV;72.9398;A;_Z;_Z;_Z;_Z;_Z;_Z;_Z;_Z;_Z;_Z
2018;ES61;5667;DIV;64.376;A;_Z;_Z;_Z;_Z;_Z;_Z;_Z;_Z;_Z;_Z
2018;ES611;5669;DIV;1456.1395;A;_Z;_Z;_Z;_Z;_Z;_Z;_Z;_Z;_Z;_Z
2018;ES611;5664;DIV;1449.4039;A;_Z;_Z;_Z;_Z;_Z;_Z;_Z;_Z;_Z;_Z
2018;ES611;5668;DIV;6.7356;A;_Z;_Z;_Z;_Z;_Z;_Z;_Z;_Z;_Z;_Z
2018;ES611;5666;DIV;4.4904;A;_Z;_Z;_Z;_Z;_Z;_Z;_Z;_Z;_Z;_Z
2018;ES611;5667;DIV;2.2452;A;_Z;_Z;_Z;_Z;_Z;_Z;_Z;_Z;_Z;_Z
2018;ES612;5669;DIV;2490.3415;A;_Z;_Z;_Z;_Z;_Z;_Z;_Z;_Z;_Z;_Z
2018;ES612;5664;DIV;2466.8376;A;_Z;_Z;_Z;_Z;_Z;_Z;_Z;_Z;_Z;_Z
2018;ES612;5668;DIV;23.5039;A;_Z;_Z;_Z;_Z;_Z;_Z;_Z;_Z;_Z;_Z
2018;ES612;5666;DIV;14.2172;A;_Z;_Z;_Z;_Z;_Z;_Z;_Z;_Z;_Z;_Z
2018;ES612;5667;DIV;9.2867;A;_Z;_Z;_Z;_Z;_Z;_Z;_Z;_Z;_Z;_Z
2018;ES613;5669;DIV;1405.7198;A;_Z;_Z;_Z;_Z;_Z;_Z;_Z;_Z;_Z;_Z
2018;ES613;5664;DIV;1398.6852;A;_Z;_Z;_Z;_Z;_Z;_Z;_Z;_Z;_Z;_Z
2018;ES613;5668;DIV;7.0346;A;_Z;_Z;_Z;_Z;_Z;_Z;_Z;_Z;_Z;_Z
2018;ES613;5666;DIV;3.0986;A;_Z;_Z;_Z;_Z;_Z;_Z;_Z;_Z;_Z;_Z
2018;ES613;5667;DIV;3.936;A;_Z;_Z;_Z;_Z;_Z;_Z;_Z;_Z;_Z;_Z
2018;ES614;5669;DIV;1684.5826;A;_Z;_Z;_Z;_Z;_Z;_Z;_Z;_Z;_Z;_Z
2018;ES614;5664;DIV;1672.094;A;_Z;_Z;_Z;_Z;_Z;_Z;_Z;_Z;_Z;_Z
2018;ES614;5668;DIV;12.4886;A;_Z;_Z;_Z;_Z;_Z;_Z;_Z;_Z;_Z;_Z
2018;ES614;5666;DIV;9.7507;A;_Z;_Z;_Z;_Z;_Z;_Z;_Z;_Z;_Z;_Z
2018;ES614;5667;DIV;2.7379;A;_Z;_Z;_Z;_Z;_Z;_Z;_Z;_Z;_Z;_Z
2018;ES615;5669;DIV;986.218;A;_Z;_Z;_Z;_Z;_Z;_Z;_Z;_Z;_Z;_Z
2018;ES615;5664;DIV;983.16;A;_Z;_Z;_Z;_Z;_Z;_Z;_Z;_Z;_Z;_Z
2018;ES615;5668;DIV;3.058;A;_Z;_Z;_Z;_Z;_Z;_Z;_Z;_Z;_Z;_Z
2018;ES615;5667;DIV;3.058;A;_Z;_Z;_Z;_Z;_Z;_Z;_Z;_Z;_Z;_Z
2018;ES616;5669;DIV;1108.2069;A;_Z;_Z;_Z;_Z;_Z;_Z;_Z;_Z;_Z;_Z
2018;ES616;5664;DIV;1108.2069;A;_Z;_Z;_Z;_Z;_Z;_Z;_Z;_Z;_Z;_Z
2018;ES617;5669;DIV;3718.358;A;_Z;_Z;_Z;_Z;_Z;_Z;_Z;_Z;_Z;_Z
2018;ES617;5664;DIV;3682.9801;A;_Z;_Z;_Z;_Z;_Z;_Z;_Z;_Z;_Z;_Z
2018;ES617;5668;DIV;35.3779;A;_Z;_Z;_Z;_Z;_Z;_Z;_Z;_Z;_Z;_Z
2018;ES617;5666;DIV;16.1591;A;_Z;_Z;_Z;_Z;_Z;_Z;_Z;_Z;_Z;_Z
2018;ES617;5667;DIV;19.2188;A;_Z;_Z;_Z;_Z;_Z;_Z;_Z;_Z;_Z;_Z
2018;ES618;5669;DIV;4085.2617;A;_Z;_Z;_Z;_Z;_Z;_Z;_Z;_Z;_Z;_Z
2018;ES618;5664;DIV;4036.1445;A;_Z;_Z;_Z;_Z;_Z;_Z;_Z;_Z;_Z;_Z
2018;ES618;5668;DIV;49.1172;A;_Z;_Z;_Z;_Z;_Z;_Z;_Z;_Z;_Z;_Z
2018;ES618;5666;DIV;25.2238;A;_Z;_Z;_Z;_Z;_Z;_Z;_Z;_Z;_Z;_Z
2018;ES618;5667;DIV;23.8934;A;_Z;_Z;_Z;_Z;_Z;_Z;_Z;_Z;_Z;_Z
2017;ES61;5669;DIV;17436.6101;A;_Z;_Z;_Z;_Z;_Z;_Z;_Z;_Z;_Z;_Z
2017;ES61;5664;DIV;17275.9301;A;_Z;_Z;_Z;_Z;_Z;_Z;_Z;_Z;_Z;_Z
2017;ES61;5668;DIV;160.68;A;_Z;_Z;_Z;_Z;_Z;_Z;_Z;_Z;_Z;_Z
2017;ES61;5666;DIV;84.466;A;_Z;_Z;_Z;_Z;_Z;_Z;_Z;_Z;_Z;_Z
2017;ES61;5667;DIV;76.214;A;_Z;_Z;_Z;_Z;_Z;_Z;_Z;_Z;_Z;_Z
2017;ES611;5669;DIV;1454.7143;A;_Z;_Z;_Z;_Z;_Z;_Z;_Z;_Z;_Z;_Z
2017;ES611;5664;DIV;1446.0577;A;_Z;_Z;_Z;_Z;_Z;_Z;_Z;_Z;_Z;_Z
2017;ES611;5668;DIV;8.6566;A;_Z;_Z;_Z;_Z;_Z;_Z;_Z;_Z;_Z;_Z
2017;ES611;5666;DIV;3.5677;A;_Z;_Z;_Z;_Z;_Z;_Z;_Z;_Z;_Z;_Z
2017;ES611;5667;DIV;5.0889;A;_Z;_Z;_Z;_Z;_Z;_Z;_Z;_Z;_Z;_Z
2017;ES612;5669;DIV;2406.3281;A;_Z;_Z;_Z;_Z;_Z;_Z;_Z;_Z;_Z;_Z
2017;ES612;5664;DIV;2368.7029;A;_Z;_Z;_Z;_Z;_Z;_Z;_Z;_Z;_Z;_Z
2017;ES612;5668;DIV;37.6252;A;_Z;_Z;_Z;_Z;_Z;_Z;_Z;_Z;_Z;_Z
2017;ES612;5666;DIV;12.8913;A;_Z;_Z;_Z;_Z;_Z;_Z;_Z;_Z;_Z;_Z
2017;ES612;5667;DIV;24.7339;A;_Z;_Z;_Z;_Z;_Z;_Z;_Z;_Z;_Z;_Z
2017;ES613;5669;DIV;1426.032;A;_Z;_Z;_Z;_Z;_Z;_Z;_Z;_Z;_Z;_Z
2017;ES613;5664;DIV;1405.2;A;_Z;_Z;_Z;_Z;_Z;_Z;_Z;_Z;_Z;_Z
2017;ES613;5668;DIV;20.832;A;_Z;_Z;_Z;_Z;_Z;_Z;_Z;_Z;_Z;_Z
2017;ES613;5666;DIV;6.6085;A;_Z;_Z;_Z;_Z;_Z;_Z;_Z;_Z;_Z;_Z
2017;ES613;5667;DIV;14.2235;A;_Z;_Z;_Z;_Z;_Z;_Z;_Z;_Z;_Z;_Z
2017;ES614;5669;DIV;1990.6668;A;_Z;_Z;_Z;_Z;_Z;_Z;_Z;_Z;_Z;_Z
2017;ES614;5664;DIV;1969.764;A;_Z;_Z;_Z;_Z;_Z;_Z;_Z;_Z;_Z;_Z
2017;ES614;5668;DIV;20.9028;A;_Z;_Z;_Z;_Z;_Z;_Z;_Z;_Z;_Z;_Z
2017;ES614;5666;DIV;16.8724;A;_Z;_Z;_Z;_Z;_Z;_Z;_Z;_Z;_Z;_Z
2017;ES614;5667;DIV;4.0304;A;_Z;_Z;_Z;_Z;_Z;_Z;_Z;_Z;_Z;_Z
2017;ES615;5669;DIV;1060.4795;A;_Z;_Z;_Z;_Z;_Z;_Z;_Z;_Z;_Z;_Z
2017;ES615;5664;DIV;1051.9832;A;_Z;_Z;_Z;_Z;_Z;_Z;_Z;_Z;_Z;_Z
2017;ES615;5668;DIV;8.4963;A;_Z;_Z;_Z;_Z;_Z;_Z;_Z;_Z;_Z;_Z
2017;ES615;5666;DIV;6.5155;A;_Z;_Z;_Z;_Z;_Z;_Z;_Z;_Z;_Z;_Z
2017;ES615;5667;DIV;1.9808;A;_Z;_Z;_Z;_Z;_Z;_Z;_Z;_Z;_Z;_Z
2017;ES616;5669;DIV;1127.8821;A;_Z;_Z;_Z;_Z;_Z;_Z;_Z;_Z;_Z;_Z
2017;ES616;5664;DIV;1127.8821;A;_Z;_Z;_Z;_Z;_Z;_Z;_Z;_Z;_Z;_Z
2017;ES617;5669;DIV;3652.1307;A;_Z;_Z;_Z;_Z;_Z;_Z;_Z;_Z;_Z;_Z
2017;ES617;5664;DIV;3614.9226;A;_Z;_Z;_Z;_Z;_Z;_Z;_Z;_Z;_Z;_Z
2017;ES617;5668;DIV;37.2081;A;_Z;_Z;_Z;_Z;_Z;_Z;_Z;_Z;_Z;_Z
2017;ES617;5666;DIV;21.7821;A;_Z;_Z;_Z;_Z;_Z;_Z;_Z;_Z;_Z;_Z
2017;ES617;5667;DIV;15.426;A;_Z;_Z;_Z;_Z;_Z;_Z;_Z;_Z;_Z;_Z
2017;ES618;5669;DIV;4318.3766;A;_Z;_Z;_Z;_Z;_Z;_Z;_Z;_Z;_Z;_Z
2017;ES618;5664;DIV;4291.4176;A;_Z;_Z;_Z;_Z;_Z;_Z;_Z;_Z;_Z;_Z
2017;ES618;5668;DIV;26.959;A;_Z;_Z;_Z;_Z;_Z;_Z;_Z;_Z;_Z;_Z
2017;ES618;5666;DIV;16.2285;A;_Z;_Z;_Z;_Z;_Z;_Z;_Z;_Z;_Z;_Z
2017;ES618;5667;DIV;10.7305;A;_Z;_Z;_Z;_Z;_Z;_Z;_Z;_Z;_Z;_Z
2016;ES61;5669;DIV;16968.2676;A;_Z;_Z;_Z;_Z;_Z;_Z;_Z;_Z;_Z;_Z
2016;ES61;5664;DIV;16778.8408;A;_Z;_Z;_Z;_Z;_Z;_Z;_Z;_Z;_Z;_Z
2016;ES61;5668;DIV;189.4268;A;_Z;_Z;_Z;_Z;_Z;_Z;_Z;_Z;_Z;_Z
2016;ES61;5666;DIV;118.7851;A;_Z;_Z;_Z;_Z;_Z;_Z;_Z;_Z;_Z;_Z
2016;ES61;5667;DIV;70.6417;A;_Z;_Z;_Z;_Z;_Z;_Z;_Z;_Z;_Z;_Z
2016;ES611;5669;DIV;1425.5804;A;_Z;_Z;_Z;_Z;_Z;_Z;_Z;_Z;_Z;_Z
2016;ES611;5664;DIV;1414.9309;A;_Z;_Z;_Z;_Z;_Z;_Z;_Z;_Z;_Z;_Z
2016;ES611;5668;DIV;10.6495;A;_Z;_Z;_Z;_Z;_Z;_Z;_Z;_Z;_Z;_Z
2016;ES611;5666;DIV;1.3299;A;_Z;_Z;_Z;_Z;_Z;_Z;_Z;_Z;_Z;_Z
2016;ES611;5667;DIV;9.3196;A;_Z;_Z;_Z;_Z;_Z;_Z;_Z;_Z;_Z;_Z
2016;ES612;5669;DIV;2275.825;A;_Z;_Z;_Z;_Z;_Z;_Z;_Z;_Z;_Z;_Z
2016;ES612;5664;DIV;2257.6356;A;_Z;_Z;_Z;_Z;_Z;_Z;_Z;_Z;_Z;_Z
2016;ES612;5668;DIV;18.1894;A;_Z;_Z;_Z;_Z;_Z;_Z;_Z;_Z;_Z;_Z
2016;ES612;5666;DIV;12.4596;A;_Z;_Z;_Z;_Z;_Z;_Z;_Z;_Z;_Z;_Z
2016;ES612;5667;DIV;5.7298;A;_Z;_Z;_Z;_Z;_Z;_Z;_Z;_Z;_Z;_Z
2016;ES613;5669;DIV;1473.292;A;_Z;_Z;_Z;_Z;_Z;_Z;_Z;_Z;_Z;_Z
2016;ES613;5664;DIV;1452.1577;A;_Z;_Z;_Z;_Z;_Z;_Z;_Z;_Z;_Z;_Z
2016;ES613;5668;DIV;21.1343;A;_Z;_Z;_Z;_Z;_Z;_Z;_Z;_Z;_Z;_Z
2016;ES613;5666;DIV;14.6098;A;_Z;_Z;_Z;_Z;_Z;_Z;_Z;_Z;_Z;_Z
2016;ES613;5667;DIV;6.5245;A;_Z;_Z;_Z;_Z;_Z;_Z;_Z;_Z;_Z;_Z
2016;ES614;5669;DIV;1937.4432;A;_Z;_Z;_Z;_Z;_Z;_Z;_Z;_Z;_Z;_Z
2016;ES614;5664;DIV;1913.6128;A;_Z;_Z;_Z;_Z;_Z;_Z;_Z;_Z;_Z;_Z
2016;ES614;5668;DIV;23.8304;A;_Z;_Z;_Z;_Z;_Z;_Z;_Z;_Z;_Z;_Z
2016;ES614;5666;DIV;16.3728;A;_Z;_Z;_Z;_Z;_Z;_Z;_Z;_Z;_Z;_Z
2016;ES614;5667;DIV;7.4576;A;_Z;_Z;_Z;_Z;_Z;_Z;_Z;_Z;_Z;_Z
2016;ES615;5669;DIV;1053.5608;A;_Z;_Z;_Z;_Z;_Z;_Z;_Z;_Z;_Z;_Z
2016;ES615;5664;DIV;1041.1856;A;_Z;_Z;_Z;_Z;_Z;_Z;_Z;_Z;_Z;_Z
2016;ES615;5668;DIV;12.3752;A;_Z;_Z;_Z;_Z;_Z;_Z;_Z;_Z;_Z;_Z
2016;ES615;5666;DIV;6.1876;A;_Z;_Z;_Z;_Z;_Z;_Z;_Z;_Z;_Z;_Z
2016;ES615;5667;DIV;6.1876;A;_Z;_Z;_Z;_Z;_Z;_Z;_Z;_Z;_Z;_Z
2016;ES616;5669;DIV;1120.7404;A;_Z;_Z;_Z;_Z;_Z;_Z;_Z;_Z;_Z;_Z
2016;ES616;5664;DIV;1112.2664;A;_Z;_Z;_Z;_Z;_Z;_Z;_Z;_Z;_Z;_Z
2016;ES616;5668;DIV;8.474;A;_Z;_Z;_Z;_Z;_Z;_Z;_Z;_Z;_Z;_Z
2016;ES616;5666;DIV;6.9792;A;_Z;_Z;_Z;_Z;_Z;_Z;_Z;_Z;_Z;_Z
2016;ES616;5667;DIV;1.4948;A;_Z;_Z;_Z;_Z;_Z;_Z;_Z;_Z;_Z;_Z
2016;ES617;5669;DIV;3657.8326;A;_Z;_Z;_Z;_Z;_Z;_Z;_Z;_Z;_Z;_Z
2016;ES617;5664;DIV;3607.32;A;_Z;_Z;_Z;_Z;_Z;_Z;_Z;_Z;_Z;_Z
2016;ES617;5668;DIV;50.5126;A;_Z;_Z;_Z;_Z;_Z;_Z;_Z;_Z;_Z;_Z
2016;ES617;5666;DIV;35.5078;A;_Z;_Z;_Z;_Z;_Z;_Z;_Z;_Z;_Z;_Z
2016;ES617;5667;DIV;15.0048;A;_Z;_Z;_Z;_Z;_Z;_Z;_Z;_Z;_Z;_Z
2016;ES618;5669;DIV;4023.9932;A;_Z;_Z;_Z;_Z;_Z;_Z;_Z;_Z;_Z;_Z
2016;ES618;5664;DIV;3979.7318;A;_Z;_Z;_Z;_Z;_Z;_Z;_Z;_Z;_Z;_Z
2016;ES618;5668;DIV;44.2614;A;_Z;_Z;_Z;_Z;_Z;_Z;_Z;_Z;_Z;_Z
2016;ES618;5666;DIV;25.3384;A;_Z;_Z;_Z;_Z;_Z;_Z;_Z;_Z;_Z;_Z
2016;ES618;5667;DIV;18.923;A;_Z;_Z;_Z;_Z;_Z;_Z;_Z;_Z;_Z;_Z
2015;ES61;5669;DIV;17029.5907;A;_Z;_Z;_Z;_Z;_Z;_Z;_Z;_Z;_Z;_Z
2015;ES61;5664;DIV;16912.0991;A;_Z;_Z;_Z;_Z;_Z;_Z;_Z;_Z;_Z;_Z
2015;ES61;5668;DIV;117.4916;A;_Z;_Z;_Z;_Z;_Z;_Z;_Z;_Z;_Z;_Z
2015;ES61;5666;DIV;55.0451;A;_Z;_Z;_Z;_Z;_Z;_Z;_Z;_Z;_Z;_Z
2015;ES61;5667;DIV;62.4465;A;_Z;_Z;_Z;_Z;_Z;_Z;_Z;_Z;_Z;_Z
2015;ES611;5669;DIV;1398.5163;A;_Z;_Z;_Z;_Z;_Z;_Z;_Z;_Z;_Z;_Z
2015;ES611;5664;DIV;1392.2019;A;_Z;_Z;_Z;_Z;_Z;_Z;_Z;_Z;_Z;_Z
2015;ES611;5668;DIV;6.3144;A;_Z;_Z;_Z;_Z;_Z;_Z;_Z;_Z;_Z;_Z
2015;ES611;5666;DIV;3.1572;A;_Z;_Z;_Z;_Z;_Z;_Z;_Z;_Z;_Z;_Z
2015;ES611;5667;DIV;3.1572;A;_Z;_Z;_Z;_Z;_Z;_Z;_Z;_Z;_Z;_Z
2015;ES612;5669;DIV;2355.5567;A;_Z;_Z;_Z;_Z;_Z;_Z;_Z;_Z;_Z;_Z
2015;ES612;5664;DIV;2334.0279;A;_Z;_Z;_Z;_Z;_Z;_Z;_Z;_Z;_Z;_Z
2015;ES612;5668;DIV;21.5288;A;_Z;_Z;_Z;_Z;_Z;_Z;_Z;_Z;_Z;_Z
2015;ES612;5666;DIV;9.5628;A;_Z;_Z;_Z;_Z;_Z;_Z;_Z;_Z;_Z;_Z
2015;ES612;5667;DIV;11.966;A;_Z;_Z;_Z;_Z;_Z;_Z;_Z;_Z;_Z;_Z
2015;ES613;5669;DIV;1621.987;A;_Z;_Z;_Z;_Z;_Z;_Z;_Z;_Z;_Z;_Z
2015;ES613;5664;DIV;1617.5185;A;_Z;_Z;_Z;_Z;_Z;_Z;_Z;_Z;_Z;_Z
2015;ES613;5668;DIV;4.4685;A;_Z;_Z;_Z;_Z;_Z;_Z;_Z;_Z;_Z;_Z
2015;ES613;5666;DIV;1.4895;A;_Z;_Z;_Z;_Z;_Z;_Z;_Z;_Z;_Z;_Z
2015;ES613;5667;DIV;2.979;A;_Z;_Z;_Z;_Z;_Z;_Z;_Z;_Z;_Z;_Z
2015;ES614;5669;DIV;1864.9266;A;_Z;_Z;_Z;_Z;_Z;_Z;_Z;_Z;_Z;_Z
2015;ES614;5664;DIV;1854.6126;A;_Z;_Z;_Z;_Z;_Z;_Z;_Z;_Z;_Z;_Z
2015;ES614;5668;DIV;10.314;A;_Z;_Z;_Z;_Z;_Z;_Z;_Z;_Z;_Z;_Z
2015;ES614;5666;DIV;1.719;A;_Z;_Z;_Z;_Z;_Z;_Z;_Z;_Z;_Z;_Z
2015;ES614;5667;DIV;8.595;A;_Z;_Z;_Z;_Z;_Z;_Z;_Z;_Z;_Z;_Z
2015;ES615;5669;DIV;1022.9657;A;_Z;_Z;_Z;_Z;_Z;_Z;_Z;_Z;_Z;_Z
2015;ES615;5664;DIV;1011.7548;A;_Z;_Z;_Z;_Z;_Z;_Z;_Z;_Z;_Z;_Z
2015;ES615;5668;DIV;11.2109;A;_Z;_Z;_Z;_Z;_Z;_Z;_Z;_Z;_Z;_Z
2015;ES615;5666;DIV;6.7532;A;_Z;_Z;_Z;_Z;_Z;_Z;_Z;_Z;_Z;_Z
2015;ES615;5667;DIV;4.4577;A;_Z;_Z;_Z;_Z;_Z;_Z;_Z;_Z;_Z;_Z
2015;ES616;5669;DIV;1197.5493;A;_Z;_Z;_Z;_Z;_Z;_Z;_Z;_Z;_Z;_Z
2015;ES616;5664;DIV;1192.992;A;_Z;_Z;_Z;_Z;_Z;_Z;_Z;_Z;_Z;_Z
2015;ES616;5668;DIV;4.5573;A;_Z;_Z;_Z;_Z;_Z;_Z;_Z;_Z;_Z;_Z
2015;ES616;5666;DIV;3.0382;A;_Z;_Z;_Z;_Z;_Z;_Z;_Z;_Z;_Z;_Z
2015;ES616;5667;DIV;1.5191;A;_Z;_Z;_Z;_Z;_Z;_Z;_Z;_Z;_Z;_Z
2015;ES617;5669;DIV;3560.4711;A;_Z;_Z;_Z;_Z;_Z;_Z;_Z;_Z;_Z;_Z
2015;ES617;5664;DIV;3522.1752;A;_Z;_Z;_Z;_Z;_Z;_Z;_Z;_Z;_Z;_Z
2015;ES617;5668;DIV;38.2959;A;_Z;_Z;_Z;_Z;_Z;_Z;_Z;_Z;_Z;_Z
2015;ES617;5666;DIV;18.042;A;_Z;_Z;_Z;_Z;_Z;_Z;_Z;_Z;_Z;_Z
2015;ES617;5667;DIV;20.2539;A;_Z;_Z;_Z;_Z;_Z;_Z;_Z;_Z;_Z;_Z
2015;ES618;5669;DIV;4007.618;A;_Z;_Z;_Z;_Z;_Z;_Z;_Z;_Z;_Z;_Z
2015;ES618;5664;DIV;3986.8162;A;_Z;_Z;_Z;_Z;_Z;_Z;_Z;_Z;_Z;_Z
2015;ES618;5668;DIV;20.8018;A;_Z;_Z;_Z;_Z;_Z;_Z;_Z;_Z;_Z;_Z
2015;ES618;5666;DIV;11.2832;A;_Z;_Z;_Z;_Z;_Z;_Z;_Z;_Z;_Z;_Z
2015;ES618;5667;DIV;9.5186;A;_Z;_Z;_Z;_Z;_Z;_Z;_Z;_Z;_Z;_Z
2014;ES61;5669;DIV;17376.98787;A;_Z;_Z;_Z;_Z;_Z;_Z;_Z;_Z;_Z;_Z
2014;ES61;5664;DIV;17266.97361;A;_Z;_Z;_Z;_Z;_Z;_Z;_Z;_Z;_Z;_Z
2014;ES61;5668;DIV;110.01426;A;_Z;_Z;_Z;_Z;_Z;_Z;_Z;_Z;_Z;_Z
2014;ES61;5666;DIV;67.64096;A;_Z;_Z;_Z;_Z;_Z;_Z;_Z;_Z;_Z;_Z
2014;ES61;5667;DIV;42.3733;A;_Z;_Z;_Z;_Z;_Z;_Z;_Z;_Z;_Z;_Z
2014;ES611;5669;DIV;1315.503;A;_Z;_Z;_Z;_Z;_Z;_Z;_Z;_Z;_Z;_Z
2014;ES611;5664;DIV;1308.438;A;_Z;_Z;_Z;_Z;_Z;_Z;_Z;_Z;_Z;_Z
2014;ES611;5668;DIV;7.065;A;_Z;_Z;_Z;_Z;_Z;_Z;_Z;_Z;_Z;_Z
2014;ES611;5666;DIV;2.826;A;_Z;_Z;_Z;_Z;_Z;_Z;_Z;_Z;_Z;_Z
2014;ES611;5667;DIV;4.239;A;_Z;_Z;_Z;_Z;_Z;_Z;_Z;_Z;_Z;_Z
2014;ES612;5669;DIV;2485.68082;A;_Z;_Z;_Z;_Z;_Z;_Z;_Z;_Z;_Z;_Z
2014;ES612;5664;DIV;2470.65252;A;_Z;_Z;_Z;_Z;_Z;_Z;_Z;_Z;_Z;_Z
2014;ES612;5668;DIV;15.0283;A;_Z;_Z;_Z;_Z;_Z;_Z;_Z;_Z;_Z;_Z
2014;ES612;5666;DIV;7.51415;A;_Z;_Z;_Z;_Z;_Z;_Z;_Z;_Z;_Z;_Z
2014;ES612;5667;DIV;7.51415;A;_Z;_Z;_Z;_Z;_Z;_Z;_Z;_Z;_Z;_Z
2014;ES613;5669;DIV;1712.10316;A;_Z;_Z;_Z;_Z;_Z;_Z;_Z;_Z;_Z;_Z
2014;ES613;5664;DIV;1705.44128;A;_Z;_Z;_Z;_Z;_Z;_Z;_Z;_Z;_Z;_Z
2014;ES613;5668;DIV;6.66188;A;_Z;_Z;_Z;_Z;_Z;_Z;_Z;_Z;_Z;_Z
2014;ES613;5666;DIV;3.33094;A;_Z;_Z;_Z;_Z;_Z;_Z;_Z;_Z;_Z;_Z
2014;ES613;5667;DIV;3.33094;A;_Z;_Z;_Z;_Z;_Z;_Z;_Z;_Z;_Z;_Z
2014;ES614;5669;DIV;1848.68385;A;_Z;_Z;_Z;_Z;_Z;_Z;_Z;_Z;_Z;_Z
2014;ES614;5664;DIV;1831.9743;A;_Z;_Z;_Z;_Z;_Z;_Z;_Z;_Z;_Z;_Z
2014;ES614;5668;DIV;16.70955;A;_Z;_Z;_Z;_Z;_Z;_Z;_Z;_Z;_Z;_Z
2014;ES614;5666;DIV;13.67145;A;_Z;_Z;_Z;_Z;_Z;_Z;_Z;_Z;_Z;_Z
2014;ES614;5667;DIV;3.0381;A;_Z;_Z;_Z;_Z;_Z;_Z;_Z;_Z;_Z;_Z
2014;ES615;5669;DIV;1140.17566;A;_Z;_Z;_Z;_Z;_Z;_Z;_Z;_Z;_Z;_Z
2014;ES615;5664;DIV;1133.10261;A;_Z;_Z;_Z;_Z;_Z;_Z;_Z;_Z;_Z;_Z
2014;ES615;5668;DIV;7.07305;A;_Z;_Z;_Z;_Z;_Z;_Z;_Z;_Z;_Z;_Z
2014;ES615;5666;DIV;4.24383;A;_Z;_Z;_Z;_Z;_Z;_Z;_Z;_Z;_Z;_Z
2014;ES615;5667;DIV;2.82922;A;_Z;_Z;_Z;_Z;_Z;_Z;_Z;_Z;_Z;_Z
2014;ES616;5669;DIV;1180.1112;A;_Z;_Z;_Z;_Z;_Z;_Z;_Z;_Z;_Z;_Z
2014;ES616;5664;DIV;1178.6434;A;_Z;_Z;_Z;_Z;_Z;_Z;_Z;_Z;_Z;_Z
2014;ES616;5668;DIV;1.4678;A;_Z;_Z;_Z;_Z;_Z;_Z;_Z;_Z;_Z;_Z
2014;ES616;5667;DIV;1.4678;A;_Z;_Z;_Z;_Z;_Z;_Z;_Z;_Z;_Z;_Z
2014;ES617;5669;DIV;3567.8708;A;_Z;_Z;_Z;_Z;_Z;_Z;_Z;_Z;_Z;_Z
2014;ES617;5664;DIV;3545.3301;A;_Z;_Z;_Z;_Z;_Z;_Z;_Z;_Z;_Z;_Z
2014;ES617;5668;DIV;22.5407;A;_Z;_Z;_Z;_Z;_Z;_Z;_Z;_Z;_Z;_Z
2014;ES617;5666;DIV;19.3206;A;_Z;_Z;_Z;_Z;_Z;_Z;_Z;_Z;_Z;_Z
2014;ES617;5667;DIV;3.2201;A;_Z;_Z;_Z;_Z;_Z;_Z;_Z;_Z;_Z;_Z
2014;ES618;5669;DIV;4126.85938;A;_Z;_Z;_Z;_Z;_Z;_Z;_Z;_Z;_Z;_Z
2014;ES618;5664;DIV;4093.3914;A;_Z;_Z;_Z;_Z;_Z;_Z;_Z;_Z;_Z;_Z
2014;ES618;5668;DIV;33.46798;A;_Z;_Z;_Z;_Z;_Z;_Z;_Z;_Z;_Z;_Z
2014;ES618;5666;DIV;16.73399;A;_Z;_Z;_Z;_Z;_Z;_Z;_Z;_Z;_Z;_Z
2014;ES618;5667;DIV;16.73399;A;_Z;_Z;_Z;_Z;_Z;_Z;_Z;_Z;_Z;_Z
2013;ES61;5669;DIV;16473.17478;A;_Z;_Z;_Z;_Z;_Z;_Z;_Z;_Z;_Z;_Z
2013;ES61;5664;DIV;16408.28227;A;_Z;_Z;_Z;_Z;_Z;_Z;_Z;_Z;_Z;_Z
2013;ES61;5668;DIV;64.89251;A;_Z;_Z;_Z;_Z;_Z;_Z;_Z;_Z;_Z;_Z
2013;ES61;5666;DIV;32.43898;A;_Z;_Z;_Z;_Z;_Z;_Z;_Z;_Z;_Z;_Z
2013;ES61;5667;DIV;32.45353;A;_Z;_Z;_Z;_Z;_Z;_Z;_Z;_Z;_Z;_Z
2013;ES611;5669;DIV;1267.4696;A;_Z;_Z;_Z;_Z;_Z;_Z;_Z;_Z;_Z;_Z
2013;ES611;5664;DIV;1262.5442;A;_Z;_Z;_Z;_Z;_Z;_Z;_Z;_Z;_Z;_Z
2013;ES611;5668;DIV;4.9254;A;_Z;_Z;_Z;_Z;_Z;_Z;_Z;_Z;_Z;_Z
2013;ES611;5666;DIV;3.2836;A;_Z;_Z;_Z;_Z;_Z;_Z;_Z;_Z;_Z;_Z
2013;ES611;5667;DIV;1.6418;A;_Z;_Z;_Z;_Z;_Z;_Z;_Z;_Z;_Z;_Z
2013;ES612;5669;DIV;2358.7305;A;_Z;_Z;_Z;_Z;_Z;_Z;_Z;_Z;_Z;_Z
2013;ES612;5664;DIV;2348.47515;A;_Z;_Z;_Z;_Z;_Z;_Z;_Z;_Z;_Z;_Z
2013;ES612;5668;DIV;10.25535;A;_Z;_Z;_Z;_Z;_Z;_Z;_Z;_Z;_Z;_Z
2013;ES612;5666;DIV;5.8602;A;_Z;_Z;_Z;_Z;_Z;_Z;_Z;_Z;_Z;_Z
2013;ES612;5667;DIV;4.39515;A;_Z;_Z;_Z;_Z;_Z;_Z;_Z;_Z;_Z;_Z
2013;ES613;5669;DIV;1452.76866;A;_Z;_Z;_Z;_Z;_Z;_Z;_Z;_Z;_Z;_Z
2013;ES613;5664;DIV;1448.69928;A;_Z;_Z;_Z;_Z;_Z;_Z;_Z;_Z;_Z;_Z
2013;ES613;5668;DIV;4.06938;A;_Z;_Z;_Z;_Z;_Z;_Z;_Z;_Z;_Z;_Z
2013;ES613;5666;DIV;2.71292;A;_Z;_Z;_Z;_Z;_Z;_Z;_Z;_Z;_Z;_Z
2013;ES613;5667;DIV;1.35646;A;_Z;_Z;_Z;_Z;_Z;_Z;_Z;_Z;_Z;_Z
2013;ES614;5669;DIV;1822.15704;A;_Z;_Z;_Z;_Z;_Z;_Z;_Z;_Z;_Z;_Z
2013;ES614;5664;DIV;1813.9737;A;_Z;_Z;_Z;_Z;_Z;_Z;_Z;_Z;_Z;_Z
2013;ES614;5668;DIV;8.18334;A;_Z;_Z;_Z;_Z;_Z;_Z;_Z;_Z;_Z;_Z
2013;ES614;5666;DIV;5.45556;A;_Z;_Z;_Z;_Z;_Z;_Z;_Z;_Z;_Z;_Z
2013;ES614;5667;DIV;2.72778;A;_Z;_Z;_Z;_Z;_Z;_Z;_Z;_Z;_Z;_Z
2013;ES615;5669;DIV;995.33511;A;_Z;_Z;_Z;_Z;_Z;_Z;_Z;_Z;_Z;_Z
2013;ES615;5664;DIV;991.0263;A;_Z;_Z;_Z;_Z;_Z;_Z;_Z;_Z;_Z;_Z
2013;ES615;5668;DIV;4.30881;A;_Z;_Z;_Z;_Z;_Z;_Z;_Z;_Z;_Z;_Z
2013;ES615;5666;DIV;1.43627;A;_Z;_Z;_Z;_Z;_Z;_Z;_Z;_Z;_Z;_Z
2013;ES615;5667;DIV;2.87254;A;_Z;_Z;_Z;_Z;_Z;_Z;_Z;_Z;_Z;_Z
2013;ES616;5669;DIV;1155.71547;A;_Z;_Z;_Z;_Z;_Z;_Z;_Z;_Z;_Z;_Z
2013;ES616;5664;DIV;1154.30434;A;_Z;_Z;_Z;_Z;_Z;_Z;_Z;_Z;_Z;_Z
2013;ES616;5668;DIV;1.41113;A;_Z;_Z;_Z;_Z;_Z;_Z;_Z;_Z;_Z;_Z
2013;ES616;5666;DIV;1.41113;A;_Z;_Z;_Z;_Z;_Z;_Z;_Z;_Z;_Z;_Z
2013;ES617;5669;DIV;3581.6334;A;_Z;_Z;_Z;_Z;_Z;_Z;_Z;_Z;_Z;_Z
2013;ES617;5664;DIV;3565.8363;A;_Z;_Z;_Z;_Z;_Z;_Z;_Z;_Z;_Z;_Z
2013;ES617;5668;DIV;15.7971;A;_Z;_Z;_Z;_Z;_Z;_Z;_Z;_Z;_Z;_Z
2013;ES617;5666;DIV;4.3083;A;_Z;_Z;_Z;_Z;_Z;_Z;_Z;_Z;_Z;_Z
2013;ES617;5667;DIV;11.4888;A;_Z;_Z;_Z;_Z;_Z;_Z;_Z;_Z;_Z;_Z
2013;ES618;5669;DIV;3839.365;A;_Z;_Z;_Z;_Z;_Z;_Z;_Z;_Z;_Z;_Z
2013;ES618;5664;DIV;3823.423;A;_Z;_Z;_Z;_Z;_Z;_Z;_Z;_Z;_Z;_Z
2013;ES618;5668;DIV;15.942;A;_Z;_Z;_Z;_Z;_Z;_Z;_Z;_Z;_Z;_Z
2013;ES618;5666;DIV;7.971;A;_Z;_Z;_Z;_Z;_Z;_Z;_Z;_Z;_Z;_Z
2013;ES618;5667;DIV;7.971;A;_Z;_Z;_Z;_Z;_Z;_Z;_Z;_Z;_Z;_Z
2012;ES61;5669;DIV;19100.05171;A;_Z;_Z;_Z;_Z;_Z;_Z;_Z;_Z;_Z;_Z
2012;ES61;5664;DIV;19044.05171;A;_Z;_Z;_Z;_Z;_Z;_Z;_Z;_Z;_Z;_Z
2012;ES61;5668;DIV;56.0;A;_Z;_Z;_Z;_Z;_Z;_Z;_Z;_Z;_Z;_Z
2012;ES61;5666;DIV;40.0;A;_Z;_Z;_Z;_Z;_Z;_Z;_Z;_Z;_Z;_Z
2012;ES61;5667;DIV;16.0;A;_Z;_Z;_Z;_Z;_Z;_Z;_Z;_Z;_Z;_Z
2012;ES611;5669;DIV;1673.28115;A;_Z;_Z;_Z;_Z;_Z;_Z;_Z;_Z;_Z;_Z
2012;ES611;5664;DIV;1670.28115;A;_Z;_Z;_Z;_Z;_Z;_Z;_Z;_Z;_Z;_Z
2012;ES611;5668;DIV;3.0;A;_Z;_Z;_Z;_Z;_Z;_Z;_Z;_Z;_Z;_Z
2012;ES611;5666;DIV;2.0;A;_Z;_Z;_Z;_Z;_Z;_Z;_Z;_Z;_Z;_Z
2012;ES611;5667;DIV;1.0;A;_Z;_Z;_Z;_Z;_Z;_Z;_Z;_Z;_Z;_Z
2012;ES612;5669;DIV;2751.43454;A;_Z;_Z;_Z;_Z;_Z;_Z;_Z;_Z;_Z;_Z
2012;ES612;5664;DIV;2745.43454;A;_Z;_Z;_Z;_Z;_Z;_Z;_Z;_Z;_Z;_Z
2012;ES612;5668;DIV;6.0;A;_Z;_Z;_Z;_Z;_Z;_Z;_Z;_Z;_Z;_Z
2012;ES612;5666;DIV;6.0;A;_Z;_Z;_Z;_Z;_Z;_Z;_Z;_Z;_Z;_Z
2012;ES613;5669;DIV;1519.27045;A;_Z;_Z;_Z;_Z;_Z;_Z;_Z;_Z;_Z;_Z
2012;ES613;5664;DIV;1515.27045;A;_Z;_Z;_Z;_Z;_Z;_Z;_Z;_Z;_Z;_Z
2012;ES613;5668;DIV;4.0;A;_Z;_Z;_Z;_Z;_Z;_Z;_Z;_Z;_Z;_Z
2012;ES613;5666;DIV;4.0;A;_Z;_Z;_Z;_Z;_Z;_Z;_Z;_Z;_Z;_Z
2012;ES614;5669;DIV;2194.10578;A;_Z;_Z;_Z;_Z;_Z;_Z;_Z;_Z;_Z;_Z
2012;ES614;5664;DIV;2188.10578;A;_Z;_Z;_Z;_Z;_Z;_Z;_Z;_Z;_Z;_Z
2012;ES614;5668;DIV;6.0;A;_Z;_Z;_Z;_Z;_Z;_Z;_Z;_Z;_Z;_Z
2012;ES614;5666;DIV;4.0;A;_Z;_Z;_Z;_Z;_Z;_Z;_Z;_Z;_Z;_Z
2012;ES614;5667;DIV;2.0;A;_Z;_Z;_Z;_Z;_Z;_Z;_Z;_Z;_Z;_Z
2012;ES615;5669;DIV;1090.26737;A;_Z;_Z;_Z;_Z;_Z;_Z;_Z;_Z;_Z;_Z
2012;ES615;5664;DIV;1090.26737;A;_Z;_Z;_Z;_Z;_Z;_Z;_Z;_Z;_Z;_Z
2012;ES616;5669;DIV;1282.34085;A;_Z;_Z;_Z;_Z;_Z;_Z;_Z;_Z;_Z;_Z
2012;ES616;5664;DIV;1281.34085;A;_Z;_Z;_Z;_Z;_Z;_Z;_Z;_Z;_Z;_Z
2012;ES616;5668;DIV;1.0;A;_Z;_Z;_Z;_Z;_Z;_Z;_Z;_Z;_Z;_Z
2012;ES616;5666;DIV;1.0;A;_Z;_Z;_Z;_Z;_Z;_Z;_Z;_Z;_Z;_Z
2012;ES617;5669;DIV;4090.46015;A;_Z;_Z;_Z;_Z;_Z;_Z;_Z;_Z;_Z;_Z
2012;ES617;5664;DIV;4069.46015;A;_Z;_Z;_Z;_Z;_Z;_Z;_Z;_Z;_Z;_Z
2012;ES617;5668;DIV;21.0;A;_Z;_Z;_Z;_Z;_Z;_Z;_Z;_Z;_Z;_Z
2012;ES617;5666;DIV;14.0;A;_Z;_Z;_Z;_Z;_Z;_Z;_Z;_Z;_Z;_Z
2012;ES617;5667;DIV;7.0;A;_Z;_Z;_Z;_Z;_Z;_Z;_Z;_Z;_Z;_Z
2012;ES618;5669;DIV;4498.89142;A;_Z;_Z;_Z;_Z;_Z;_Z;_Z;_Z;_Z;_Z
2012;ES618;5664;DIV;4483.89142;A;_Z;_Z;_Z;_Z;_Z;_Z;_Z;_Z;_Z;_Z
2012;ES618;5668;DIV;15.0;A;_Z;_Z;_Z;_Z;_Z;_Z;_Z;_Z;_Z;_Z
2012;ES618;5666;DIV;9.0;A;_Z;_Z;_Z;_Z;_Z;_Z;_Z;_Z;_Z;_Z
2012;ES618;5667;DIV;6.0;A;_Z;_Z;_Z;_Z;_Z;_Z;_Z;_Z;_Z;_Z
2011;ES61;5669;DIV;18257.58564089;A;_Z;_Z;_Z;_Z;_Z;_Z;_Z;_Z;_Z;_Z
2011;ES61;5664;DIV;18210.58564089;A;_Z;_Z;_Z;_Z;_Z;_Z;_Z;_Z;_Z;_Z
2011;ES61;5668;DIV;47.0;A;_Z;_Z;_Z;_Z;_Z;_Z;_Z;_Z;_Z;_Z
2011;ES61;5666;DIV;25.0;A;_Z;_Z;_Z;_Z;_Z;_Z;_Z;_Z;_Z;_Z
2011;ES61;5667;DIV;22.0;A;_Z;_Z;_Z;_Z;_Z;_Z;_Z;_Z;_Z;_Z
2011;ES611;5669;DIV;1426.82187464;A;_Z;_Z;_Z;_Z;_Z;_Z;_Z;_Z;_Z;_Z
2011;ES611;5664;DIV;1426.82187464;A;_Z;_Z;_Z;_Z;_Z;_Z;_Z;_Z;_Z;_Z
2011;ES612;5669;DIV;2822.48660103;A;_Z;_Z;_Z;_Z;_Z;_Z;_Z;_Z;_Z;_Z
2011;ES612;5664;DIV;2816.48660103;A;_Z;_Z;_Z;_Z;_Z;_Z;_Z;_Z;_Z;_Z
2011;ES612;5668;DIV;6.0;A;_Z;_Z;_Z;_Z;_Z;_Z;_Z;_Z;_Z;_Z
2011;ES612;5666;DIV;3.0;A;_Z;_Z;_Z;_Z;_Z;_Z;_Z;_Z;_Z;_Z
2011;ES612;5667;DIV;3.0;A;_Z;_Z;_Z;_Z;_Z;_Z;_Z;_Z;_Z;_Z
2011;ES613;5669;DIV;1607.8291226;A;_Z;_Z;_Z;_Z;_Z;_Z;_Z;_Z;_Z;_Z
2011;ES613;5664;DIV;1604.8291226;A;_Z;_Z;_Z;_Z;_Z;_Z;_Z;_Z;_Z;_Z
2011;ES613;5668;DIV;3.0;A;_Z;_Z;_Z;_Z;_Z;_Z;_Z;_Z;_Z;_Z
2011;ES613;5666;DIV;1.0;A;_Z;_Z;_Z;_Z;_Z;_Z;_Z;_Z;_Z;_Z
2011;ES613;5667;DIV;2.0;A;_Z;_Z;_Z;_Z;_Z;_Z;_Z;_Z;_Z;_Z
2011;ES614;5669;DIV;2058.63585768;A;_Z;_Z;_Z;_Z;_Z;_Z;_Z;_Z;_Z;_Z
2011;ES614;5664;DIV;2057.63585768;A;_Z;_Z;_Z;_Z;_Z;_Z;_Z;_Z;_Z;_Z
2011;ES614;5668;DIV;1.0;A;_Z;_Z;_Z;_Z;_Z;_Z;_Z;_Z;_Z;_Z
2011;ES614;5666;DIV;1.0;A;_Z;_Z;_Z;_Z;_Z;_Z;_Z;_Z;_Z;_Z
2011;ES615;5669;DIV;976.40048302;A;_Z;_Z;_Z;_Z;_Z;_Z;_Z;_Z;_Z;_Z
2011;ES615;5664;DIV;972.40048302;A;_Z;_Z;_Z;_Z;_Z;_Z;_Z;_Z;_Z;_Z
2011;ES615;5668;DIV;4.0;A;_Z;_Z;_Z;_Z;_Z;_Z;_Z;_Z;_Z;_Z
2011;ES615;5666;DIV;3.0;A;_Z;_Z;_Z;_Z;_Z;_Z;_Z;_Z;_Z;_Z
2011;ES615;5667;DIV;1.0;A;_Z;_Z;_Z;_Z;_Z;_Z;_Z;_Z;_Z;_Z
2011;ES616;5669;DIV;1223.16206129;A;_Z;_Z;_Z;_Z;_Z;_Z;_Z;_Z;_Z;_Z
2011;ES616;5664;DIV;1220.16206129;A;_Z;_Z;_Z;_Z;_Z;_Z;_Z;_Z;_Z;_Z
2011;ES616;5668;DIV;3.0;A;_Z;_Z;_Z;_Z;_Z;_Z;_Z;_Z;_Z;_Z
2011;ES616;5666;DIV;2.0;A;_Z;_Z;_Z;_Z;_Z;_Z;_Z;_Z;_Z;_Z
2011;ES616;5667;DIV;1.0;A;_Z;_Z;_Z;_Z;_Z;_Z;_Z;_Z;_Z;_Z
2011;ES617;5669;DIV;3827.02436747;A;_Z;_Z;_Z;_Z;_Z;_Z;_Z;_Z;_Z;_Z
2011;ES617;5664;DIV;3813.02436747;A;_Z;_Z;_Z;_Z;_Z;_Z;_Z;_Z;_Z;_Z
2011;ES617;5668;DIV;14.0;A;_Z;_Z;_Z;_Z;_Z;_Z;_Z;_Z;_Z;_Z
2011;ES617;5666;DIV;9.0;A;_Z;_Z;_Z;_Z;_Z;_Z;_Z;_Z;_Z;_Z
2011;ES617;5667;DIV;5.0;A;_Z;_Z;_Z;_Z;_Z;_Z;_Z;_Z;_Z;_Z
2011;ES618;5669;DIV;4315.22527316;A;_Z;_Z;_Z;_Z;_Z;_Z;_Z;_Z;_Z;_Z
2011;ES618;5664;DIV;4299.22527316;A;_Z;_Z;_Z;_Z;_Z;_Z;_Z;_Z;_Z;_Z
2011;ES618;5668;DIV;16.0;A;_Z;_Z;_Z;_Z;_Z;_Z;_Z;_Z;_Z;_Z
2011;ES618;5666;DIV;6.0;A;_Z;_Z;_Z;_Z;_Z;_Z;_Z;_Z;_Z;_Z
2011;ES618;5667;DIV;10.0;A;_Z;_Z;_Z;_Z;_Z;_Z;_Z;_Z;_Z;_Z
2010;ES61;5669;DIV;18373.44232079;A;_Z;_Z;_Z;_Z;_Z;_Z;_Z;_Z;_Z;_Z
2010;ES61;5664;DIV;18337.44232079;A;_Z;_Z;_Z;_Z;_Z;_Z;_Z;_Z;_Z;_Z
2010;ES61;5668;DIV;36.0;A;_Z;_Z;_Z;_Z;_Z;_Z;_Z;_Z;_Z;_Z
2010;ES61;5666;DIV;18.0;A;_Z;_Z;_Z;_Z;_Z;_Z;_Z;_Z;_Z;_Z
2010;ES61;5667;DIV;18.0;A;_Z;_Z;_Z;_Z;_Z;_Z;_Z;_Z;_Z;_Z
2010;ES611;5669;DIV;1362.40772485;A;_Z;_Z;_Z;_Z;_Z;_Z;_Z;_Z;_Z;_Z
2010;ES611;5664;DIV;1356.40772485;A;_Z;_Z;_Z;_Z;_Z;_Z;_Z;_Z;_Z;_Z
2010;ES611;5668;DIV;6.0;A;_Z;_Z;_Z;_Z;_Z;_Z;_Z;_Z;_Z;_Z
2010;ES611;5666;DIV;3.0;A;_Z;_Z;_Z;_Z;_Z;_Z;_Z;_Z;_Z;_Z
2010;ES611;5667;DIV;3.0;A;_Z;_Z;_Z;_Z;_Z;_Z;_Z;_Z;_Z;_Z
2010;ES612;5669;DIV;2718.61775842;A;_Z;_Z;_Z;_Z;_Z;_Z;_Z;_Z;_Z;_Z
2010;ES612;5664;DIV;2714.61775842;A;_Z;_Z;_Z;_Z;_Z;_Z;_Z;_Z;_Z;_Z
2010;ES612;5668;DIV;4.0;A;_Z;_Z;_Z;_Z;_Z;_Z;_Z;_Z;_Z;_Z
2010;ES612;5666;DIV;2.0;A;_Z;_Z;_Z;_Z;_Z;_Z;_Z;_Z;_Z;_Z
2010;ES612;5667;DIV;2.0;A;_Z;_Z;_Z;_Z;_Z;_Z;_Z;_Z;_Z;_Z
2010;ES613;5669;DIV;1659.02026916;A;_Z;_Z;_Z;_Z;_Z;_Z;_Z;_Z;_Z;_Z
2010;ES613;5664;DIV;1654.02026916;A;_Z;_Z;_Z;_Z;_Z;_Z;_Z;_Z;_Z;_Z
2010;ES613;5668;DIV;5.0;A;_Z;_Z;_Z;_Z;_Z;_Z;_Z;_Z;_Z;_Z
2010;ES613;5666;DIV;3.0;A;_Z;_Z;_Z;_Z;_Z;_Z;_Z;_Z;_Z;_Z
2010;ES613;5667;DIV;2.0;A;_Z;_Z;_Z;_Z;_Z;_Z;_Z;_Z;_Z;_Z
2010;ES614;5669;DIV;2005.38373943;A;_Z;_Z;_Z;_Z;_Z;_Z;_Z;_Z;_Z;_Z
2010;ES614;5664;DIV;2005.38373943;A;_Z;_Z;_Z;_Z;_Z;_Z;_Z;_Z;_Z;_Z
2010;ES615;5669;DIV;992.51673019;A;_Z;_Z;_Z;_Z;_Z;_Z;_Z;_Z;_Z;_Z
2010;ES615;5664;DIV;991.51673019;A;_Z;_Z;_Z;_Z;_Z;_Z;_Z;_Z;_Z;_Z
2010;ES615;5668;DIV;1.0;A;_Z;_Z;_Z;_Z;_Z;_Z;_Z;_Z;_Z;_Z
2010;ES615;5666;DIV;1.0;A;_Z;_Z;_Z;_Z;_Z;_Z;_Z;_Z;_Z;_Z
2010;ES616;5669;DIV;1193.6878551;A;_Z;_Z;_Z;_Z;_Z;_Z;_Z;_Z;_Z;_Z
2010;ES616;5664;DIV;1190.6878551;A;_Z;_Z;_Z;_Z;_Z;_Z;_Z;_Z;_Z;_Z
2010;ES616;5668;DIV;3.0;A;_Z;_Z;_Z;_Z;_Z;_Z;_Z;_Z;_Z;_Z
2010;ES616;5667;DIV;3.0;A;_Z;_Z;_Z;_Z;_Z;_Z;_Z;_Z;_Z;_Z
2010;ES617;5669;DIV;3876.9745934;A;_Z;_Z;_Z;_Z;_Z;_Z;_Z;_Z;_Z;_Z
2010;ES617;5664;DIV;3870.9745934;A;_Z;_Z;_Z;_Z;_Z;_Z;_Z;_Z;_Z;_Z
2010;ES617;5668;DIV;6.0;A;_Z;_Z;_Z;_Z;_Z;_Z;_Z;_Z;_Z;_Z
2010;ES617;5666;DIV;3.0;A;_Z;_Z;_Z;_Z;_Z;_Z;_Z;_Z;_Z;_Z
2010;ES617;5667;DIV;3.0;A;_Z;_Z;_Z;_Z;_Z;_Z;_Z;_Z;_Z;_Z
2010;ES618;5669;DIV;4564.83365024;A;_Z;_Z;_Z;_Z;_Z;_Z;_Z;_Z;_Z;_Z
2010;ES618;5664;DIV;4553.83365024;A;_Z;_Z;_Z;_Z;_Z;_Z;_Z;_Z;_Z;_Z
2010;ES618;5668;DIV;11.0;A;_Z;_Z;_Z;_Z;_Z;_Z;_Z;_Z;_Z;_Z
2010;ES618;5666;DIV;6.0;A;_Z;_Z;_Z;_Z;_Z;_Z;_Z;_Z;_Z;_Z
2010;ES618;5667;DIV;5.0;A;_Z;_Z;_Z;_Z;_Z;_Z;_Z;_Z;_Z;_Z
2009;ES61;5669;DIV;17493.840001105;A;_Z;_Z;_Z;_Z;_Z;_Z;_Z;_Z;_Z;_Z
2009;ES61;5664;DIV;17474.840001105;A;_Z;_Z;_Z;_Z;_Z;_Z;_Z;_Z;_Z;_Z
2009;ES61;5668;DIV;19.0;A;_Z;_Z;_Z;_Z;_Z;_Z;_Z;_Z;_Z;_Z
2009;ES61;5666;DIV;10.0;A;_Z;_Z;_Z;_Z;_Z;_Z;_Z;_Z;_Z;_Z
2009;ES61;5667;DIV;9.0;A;_Z;_Z;_Z;_Z;_Z;_Z;_Z;_Z;_Z;_Z
2009;ES611;5669;DIV;1275.959999958;A;_Z;_Z;_Z;_Z;_Z;_Z;_Z;_Z;_Z;_Z
2009;ES611;5664;DIV;1275.959999958;A;_Z;_Z;_Z;_Z;_Z;_Z;_Z;_Z;_Z;_Z
2009;ES612;5669;DIV;2773.590000972;A;_Z;_Z;_Z;_Z;_Z;_Z;_Z;_Z;_Z;_Z
2009;ES612;5664;DIV;2767.590000972;A;_Z;_Z;_Z;_Z;_Z;_Z;_Z;_Z;_Z;_Z
2009;ES612;5668;DIV;6.0;A;_Z;_Z;_Z;_Z;_Z;_Z;_Z;_Z;_Z;_Z
2009;ES612;5666;DIV;2.0;A;_Z;_Z;_Z;_Z;_Z;_Z;_Z;_Z;_Z;_Z
2009;ES612;5667;DIV;4.0;A;_Z;_Z;_Z;_Z;_Z;_Z;_Z;_Z;_Z;_Z
2009;ES613;5669;DIV;1537.74000012;A;_Z;_Z;_Z;_Z;_Z;_Z;_Z;_Z;_Z;_Z
2009;ES613;5664;DIV;1537.74000012;A;_Z;_Z;_Z;_Z;_Z;_Z;_Z;_Z;_Z;_Z
2009;ES614;5669;DIV;1967.070000359;A;_Z;_Z;_Z;_Z;_Z;_Z;_Z;_Z;_Z;_Z
2009;ES614;5664;DIV;1967.070000359;A;_Z;_Z;_Z;_Z;_Z;_Z;_Z;_Z;_Z;_Z
2009;ES615;5669;DIV;1012.380000091;A;_Z;_Z;_Z;_Z;_Z;_Z;_Z;_Z;_Z;_Z
2009;ES615;5664;DIV;1012.380000091;A;_Z;_Z;_Z;_Z;_Z;_Z;_Z;_Z;_Z;_Z
2009;ES616;5669;DIV;1122.459999905;A;_Z;_Z;_Z;_Z;_Z;_Z;_Z;_Z;_Z;_Z
2009;ES616;5664;DIV;1121.459999905;A;_Z;_Z;_Z;_Z;_Z;_Z;_Z;_Z;_Z;_Z
2009;ES616;5668;DIV;1.0;A;_Z;_Z;_Z;_Z;_Z;_Z;_Z;_Z;_Z;_Z
2009;ES616;5666;DIV;1.0;A;_Z;_Z;_Z;_Z;_Z;_Z;_Z;_Z;_Z;_Z
2009;ES617;5669;DIV;3607.690000055;A;_Z;_Z;_Z;_Z;_Z;_Z;_Z;_Z;_Z;_Z
2009;ES617;5664;DIV;3602.690000055;A;_Z;_Z;_Z;_Z;_Z;_Z;_Z;_Z;_Z;_Z
2009;ES617;5668;DIV;5.0;A;_Z;_Z;_Z;_Z;_Z;_Z;_Z;_Z;_Z;_Z
2009;ES617;5666;DIV;3.0;A;_Z;_Z;_Z;_Z;_Z;_Z;_Z;_Z;_Z;_Z
2009;ES617;5667;DIV;2.0;A;_Z;_Z;_Z;_Z;_Z;_Z;_Z;_Z;_Z;_Z
2009;ES618;5669;DIV;4196.949999645;A;_Z;_Z;_Z;_Z;_Z;_Z;_Z;_Z;_Z;_Z
2009;ES618;5664;DIV;4189.949999645;A;_Z;_Z;_Z;_Z;_Z;_Z;_Z;_Z;_Z;_Z
2009;ES618;5668;DIV;7.0;A;_Z;_Z;_Z;_Z;_Z;_Z;_Z;_Z;_Z;_Z
2009;ES618;5666;DIV;4.0;A;_Z;_Z;_Z;_Z;_Z;_Z;_Z;_Z;_Z;_Z
2009;ES618;5667;DIV;3.0;A;_Z;_Z;_Z;_Z;_Z;_Z;_Z;_Z;_Z;_Z
2008;ES61;5669;DIV;19784.701197956;A;_Z;_Z;_Z;_Z;_Z;_Z;_Z;_Z;_Z;_Z
2008;ES61;5664;DIV;19772.701197956;A;_Z;_Z;_Z;_Z;_Z;_Z;_Z;_Z;_Z;_Z
2008;ES61;5668;DIV;12.0;A;_Z;_Z;_Z;_Z;_Z;_Z;_Z;_Z;_Z;_Z
2008;ES61;5666;DIV;4.0;A;_Z;_Z;_Z;_Z;_Z;_Z;_Z;_Z;_Z;_Z
2008;ES61;5667;DIV;8.0;A;_Z;_Z;_Z;_Z;_Z;_Z;_Z;_Z;_Z;_Z
2008;ES611;5669;DIV;1459.899390218;A;_Z;_Z;_Z;_Z;_Z;_Z;_Z;_Z;_Z;_Z
2008;ES611;5664;DIV;1459.899390218;A;_Z;_Z;_Z;_Z;_Z;_Z;_Z;_Z;_Z;_Z
2008;ES612;5669;DIV;3029.88628849;A;_Z;_Z;_Z;_Z;_Z;_Z;_Z;_Z;_Z;_Z
2008;ES612;5664;DIV;3025.88628849;A;_Z;_Z;_Z;_Z;_Z;_Z;_Z;_Z;_Z;_Z
2008;ES612;5668;DIV;4.0;A;_Z;_Z;_Z;_Z;_Z;_Z;_Z;_Z;_Z;_Z
2008;ES612;5666;DIV;2.0;A;_Z;_Z;_Z;_Z;_Z;_Z;_Z;_Z;_Z;_Z
2008;ES612;5667;DIV;2.0;A;_Z;_Z;_Z;_Z;_Z;_Z;_Z;_Z;_Z;_Z
2008;ES613;5669;DIV;1595.530376772;A;_Z;_Z;_Z;_Z;_Z;_Z;_Z;_Z;_Z;_Z
2008;ES613;5664;DIV;1595.530376772;A;_Z;_Z;_Z;_Z;_Z;_Z;_Z;_Z;_Z;_Z
2008;ES614;5669;DIV;2172.357568834;A;_Z;_Z;_Z;_Z;_Z;_Z;_Z;_Z;_Z;_Z
2008;ES614;5664;DIV;2172.357568834;A;_Z;_Z;_Z;_Z;_Z;_Z;_Z;_Z;_Z;_Z
2008;ES615;5669;DIV;1165.944181717;A;_Z;_Z;_Z;_Z;_Z;_Z;_Z;_Z;_Z;_Z
2008;ES615;5664;DIV;1165.944181717;A;_Z;_Z;_Z;_Z;_Z;_Z;_Z;_Z;_Z;_Z
2008;ES616;5669;DIV;1297.204501345;A;_Z;_Z;_Z;_Z;_Z;_Z;_Z;_Z;_Z;_Z
2008;ES616;5664;DIV;1296.204501345;A;_Z;_Z;_Z;_Z;_Z;_Z;_Z;_Z;_Z;_Z
2008;ES616;5668;DIV;1.0;A;_Z;_Z;_Z;_Z;_Z;_Z;_Z;_Z;_Z;_Z
2008;ES616;5667;DIV;1.0;A;_Z;_Z;_Z;_Z;_Z;_Z;_Z;_Z;_Z;_Z
2008;ES617;5669;DIV;4187.089941605;A;_Z;_Z;_Z;_Z;_Z;_Z;_Z;_Z;_Z;_Z
2008;ES617;5664;DIV;4180.089941605;A;_Z;_Z;_Z;_Z;_Z;_Z;_Z;_Z;_Z;_Z
2008;ES617;5668;DIV;7.0;A;_Z;_Z;_Z;_Z;_Z;_Z;_Z;_Z;_Z;_Z
2008;ES617;5666;DIV;2.0;A;_Z;_Z;_Z;_Z;_Z;_Z;_Z;_Z;_Z;_Z
2008;ES617;5667;DIV;5.0;A;_Z;_Z;_Z;_Z;_Z;_Z;_Z;_Z;_Z;_Z
2008;ES618;5669;DIV;4876.788948975;A;_Z;_Z;_Z;_Z;_Z;_Z;_Z;_Z;_Z;_Z
2008;ES618;5664;DIV;4876.788948975;A;_Z;_Z;_Z;_Z;_Z;_Z;_Z;_Z;_Z;_Z
2007;ES61;5669;DIV;21609.099999161;A;_Z;_Z;_Z;_Z;_Z;_Z;_Z;_Z;_Z;_Z
2007;ES61;5664;DIV;21602.099999161;A;_Z;_Z;_Z;_Z;_Z;_Z;_Z;_Z;_Z;_Z
2007;ES61;5668;DIV;7.0;A;_Z;_Z;_Z;_Z;_Z;_Z;_Z;_Z;_Z;_Z
2007;ES61;5666;DIV;5.0;A;_Z;_Z;_Z;_Z;_Z;_Z;_Z;_Z;_Z;_Z
2007;ES61;5667;DIV;2.0;A;_Z;_Z;_Z;_Z;_Z;_Z;_Z;_Z;_Z;_Z
2007;ES611;5669;DIV;1642.139999901;A;_Z;_Z;_Z;_Z;_Z;_Z;_Z;_Z;_Z;_Z
2007;ES611;5664;DIV;1642.139999901;A;_Z;_Z;_Z;_Z;_Z;_Z;_Z;_Z;_Z;_Z
2007;ES612;5669;DIV;3287.229999146;A;_Z;_Z;_Z;_Z;_Z;_Z;_Z;_Z;_Z;_Z
2007;ES612;5664;DIV;3286.229999146;A;_Z;_Z;_Z;_Z;_Z;_Z;_Z;_Z;_Z;_Z
2007;ES612;5668;DIV;1.0;A;_Z;_Z;_Z;_Z;_Z;_Z;_Z;_Z;_Z;_Z
2007;ES612;5666;DIV;1.0;A;_Z;_Z;_Z;_Z;_Z;_Z;_Z;_Z;_Z;_Z
2007;ES613;5669;DIV;1853.999999925;A;_Z;_Z;_Z;_Z;_Z;_Z;_Z;_Z;_Z;_Z
2007;ES613;5664;DIV;1853.999999925;A;_Z;_Z;_Z;_Z;_Z;_Z;_Z;_Z;_Z;_Z
2007;ES614;5669;DIV;2389.41000052;A;_Z;_Z;_Z;_Z;_Z;_Z;_Z;_Z;_Z;_Z
2007;ES614;5664;DIV;2389.41000052;A;_Z;_Z;_Z;_Z;_Z;_Z;_Z;_Z;_Z;_Z
2007;ES615;5669;DIV;1393.309999774;A;_Z;_Z;_Z;_Z;_Z;_Z;_Z;_Z;_Z;_Z
2007;ES615;5664;DIV;1393.309999774;A;_Z;_Z;_Z;_Z;_Z;_Z;_Z;_Z;_Z;_Z
2007;ES616;5669;DIV;1422.190000204;A;_Z;_Z;_Z;_Z;_Z;_Z;_Z;_Z;_Z;_Z
2007;ES616;5664;DIV;1422.190000204;A;_Z;_Z;_Z;_Z;_Z;_Z;_Z;_Z;_Z;_Z
2007;ES617;5669;DIV;4555.859999734;A;_Z;_Z;_Z;_Z;_Z;_Z;_Z;_Z;_Z;_Z
2007;ES617;5664;DIV;4551.859999734;A;_Z;_Z;_Z;_Z;_Z;_Z;_Z;_Z;_Z;_Z
2007;ES617;5668;DIV;4.0;A;_Z;_Z;_Z;_Z;_Z;_Z;_Z;_Z;_Z;_Z
2007;ES617;5666;DIV;2.0;A;_Z;_Z;_Z;_Z;_Z;_Z;_Z;_Z;_Z;_Z
2007;ES617;5667;DIV;2.0;A;_Z;_Z;_Z;_Z;_Z;_Z;_Z;_Z;_Z;_Z
2007;ES618;5669;DIV;5064.959999957;A;_Z;_Z;_Z;_Z;_Z;_Z;_Z;_Z;_Z;_Z
2007;ES618;5664;DIV;5062.959999957;A;_Z;_Z;_Z;_Z;_Z;_Z;_Z;_Z;_Z;_Z
2007;ES618;5668;DIV;2.0;A;_Z;_Z;_Z;_Z;_Z;_Z;_Z;_Z;_Z;_Z
2007;ES618;5666;DIV;2.0;A;_Z;_Z;_Z;_Z;_Z;_Z;_Z;_Z;_Z;_Z
2006;ES61;5669;DIV;21218.50087;A;_Z;_Z;_Z;_Z;_Z;_Z;_Z;_Z;_Z;_Z
2006;ES61;5664;DIV;21218.50087;A;_Z;_Z;_Z;_Z;_Z;_Z;_Z;_Z;_Z;_Z
2006;ES611;5669;DIV;1595.879802;A;_Z;_Z;_Z;_Z;_Z;_Z;_Z;_Z;_Z;_Z
2006;ES611;5664;DIV;1595.879802;A;_Z;_Z;_Z;_Z;_Z;_Z;_Z;_Z;_Z;_Z
2006;ES612;5669;DIV;3145.260002;A;_Z;_Z;_Z;_Z;_Z;_Z;_Z;_Z;_Z;_Z
2006;ES612;5664;DIV;3145.260002;A;_Z;_Z;_Z;_Z;_Z;_Z;_Z;_Z;_Z;_Z
2006;ES613;5669;DIV;1834.890112;A;_Z;_Z;_Z;_Z;_Z;_Z;_Z;_Z;_Z;_Z
2006;ES613;5664;DIV;1834.890112;A;_Z;_Z;_Z;_Z;_Z;_Z;_Z;_Z;_Z;_Z
2006;ES614;5669;DIV;2080.80049;A;_Z;_Z;_Z;_Z;_Z;_Z;_Z;_Z;_Z;_Z
2006;ES614;5664;DIV;2080.80049;A;_Z;_Z;_Z;_Z;_Z;_Z;_Z;_Z;_Z;_Z
2006;ES615;5669;DIV;1332.84986;A;_Z;_Z;_Z;_Z;_Z;_Z;_Z;_Z;_Z;_Z
2006;ES615;5664;DIV;1332.84986;A;_Z;_Z;_Z;_Z;_Z;_Z;_Z;_Z;_Z;_Z
2006;ES616;5669;DIV;1309.440144;A;_Z;_Z;_Z;_Z;_Z;_Z;_Z;_Z;_Z;_Z
2006;ES616;5664;DIV;1309.440144;A;_Z;_Z;_Z;_Z;_Z;_Z;_Z;_Z;_Z;_Z
2006;ES617;5669;DIV;4712.309813;A;_Z;_Z;_Z;_Z;_Z;_Z;_Z;_Z;_Z;_Z
2006;ES617;5664;DIV;4712.309813;A;_Z;_Z;_Z;_Z;_Z;_Z;_Z;_Z;_Z;_Z
2006;ES618;5669;DIV;5207.070647;A;_Z;_Z;_Z;_Z;_Z;_Z;_Z;_Z;_Z;_Z
2006;ES618;5664;DIV;5207.070647;A;_Z;_Z;_Z;_Z;_Z;_Z;_Z;_Z;_Z;_Z
2005;ES61;5669;DIV;10748.000406;A;_Z;_Z;_Z;_Z;_Z;_Z;_Z;_Z;_Z;_Z
2005;ES61;5664;DIV;10748.000406;A;_Z;_Z;_Z;_Z;_Z;_Z;_Z;_Z;_Z;_Z
2005;ES611;5669;DIV;833.000224;A;_Z;_Z;_Z;_Z;_Z;_Z;_Z;_Z;_Z;_Z
2005;ES611;5664;DIV;833.000224;A;_Z;_Z;_Z;_Z;_Z;_Z;_Z;_Z;_Z;_Z
2005;ES612;5669;DIV;1642.999986;A;_Z;_Z;_Z;_Z;_Z;_Z;_Z;_Z;_Z;_Z
2005;ES612;5664;DIV;1642.999986;A;_Z;_Z;_Z;_Z;_Z;_Z;_Z;_Z;_Z;_Z
2005;ES613;5669;DIV;939.000159;A;_Z;_Z;_Z;_Z;_Z;_Z;_Z;_Z;_Z;_Z
2005;ES613;5664;DIV;939.000159;A;_Z;_Z;_Z;_Z;_Z;_Z;_Z;_Z;_Z;_Z
2005;ES614;5669;DIV;959.000189;A;_Z;_Z;_Z;_Z;_Z;_Z;_Z;_Z;_Z;_Z
2005;ES614;5664;DIV;959.000189;A;_Z;_Z;_Z;_Z;_Z;_Z;_Z;_Z;_Z;_Z
2005;ES615;5669;DIV;726.999975;A;_Z;_Z;_Z;_Z;_Z;_Z;_Z;_Z;_Z;_Z
2005;ES615;5664;DIV;726.999975;A;_Z;_Z;_Z;_Z;_Z;_Z;_Z;_Z;_Z;_Z
2005;ES616;5669;DIV;636.999935;A;_Z;_Z;_Z;_Z;_Z;_Z;_Z;_Z;_Z;_Z
2005;ES616;5664;DIV;636.999935;A;_Z;_Z;_Z;_Z;_Z;_Z;_Z;_Z;_Z;_Z
2005;ES617;5669;DIV;2312.000002;A;_Z;_Z;_Z;_Z;_Z;_Z;_Z;_Z;_Z;_Z
2005;ES617;5664;DIV;2312.000002;A;_Z;_Z;_Z;_Z;_Z;_Z;_Z;_Z;_Z;_Z
2005;ES618;5669;DIV;2697.999936;A;_Z;_Z;_Z;_Z;_Z;_Z;_Z;_Z;_Z;_Z
2005;ES618;5664;DIV;2697.999936;A;_Z;_Z;_Z;_Z;_Z;_Z;_Z;_Z;_Z;_Z
2004;ES61;5669;DIV;7744.999297;A;_Z;_Z;_Z;_Z;_Z;_Z;_Z;_Z;_Z;_Z
2004;ES61;5664;DIV;7744.999297;A;_Z;_Z;_Z;_Z;_Z;_Z;_Z;_Z;_Z;_Z
2004;ES611;5669;DIV;623.000146;A;_Z;_Z;_Z;_Z;_Z;_Z;_Z;_Z;_Z;_Z
2004;ES611;5664;DIV;623.000146;A;_Z;_Z;_Z;_Z;_Z;_Z;_Z;_Z;_Z;_Z
2004;ES612;5669;DIV;1177.000044;A;_Z;_Z;_Z;_Z;_Z;_Z;_Z;_Z;_Z;_Z
2004;ES612;5664;DIV;1177.000044;A;_Z;_Z;_Z;_Z;_Z;_Z;_Z;_Z;_Z;_Z
2004;ES613;5669;DIV;607.00024;A;_Z;_Z;_Z;_Z;_Z;_Z;_Z;_Z;_Z;_Z
2004;ES613;5664;DIV;607.00024;A;_Z;_Z;_Z;_Z;_Z;_Z;_Z;_Z;_Z;_Z
2004;ES614;5669;DIV;873.000025;A;_Z;_Z;_Z;_Z;_Z;_Z;_Z;_Z;_Z;_Z
2004;ES614;5664;DIV;873.000025;A;_Z;_Z;_Z;_Z;_Z;_Z;_Z;_Z;_Z;_Z
2004;ES615;5669;DIV;473.000077;A;_Z;_Z;_Z;_Z;_Z;_Z;_Z;_Z;_Z;_Z
2004;ES615;5664;DIV;473.000077;A;_Z;_Z;_Z;_Z;_Z;_Z;_Z;_Z;_Z;_Z
2004;ES616;5669;DIV;411.9999;A;_Z;_Z;_Z;_Z;_Z;_Z;_Z;_Z;_Z;_Z
2004;ES616;5664;DIV;411.9999;A;_Z;_Z;_Z;_Z;_Z;_Z;_Z;_Z;_Z;_Z
2004;ES617;5669;DIV;1704.999483;A;_Z;_Z;_Z;_Z;_Z;_Z;_Z;_Z;_Z;_Z
2004;ES617;5664;DIV;1704.999483;A;_Z;_Z;_Z;_Z;_Z;_Z;_Z;_Z;_Z;_Z
2004;ES618;5669;DIV;1874.999382;A;_Z;_Z;_Z;_Z;_Z;_Z;_Z;_Z;_Z;_Z
2004;ES618;5664;DIV;1874.999382;A;_Z;_Z;_Z;_Z;_Z;_Z;_Z;_Z;_Z;_Z
2003;ES61;5669;DIV;6791.000174;A;_Z;_Z;_Z;_Z;_Z;_Z;_Z;_Z;_Z;_Z
2003;ES61;5664;DIV;6791.000174;A;_Z;_Z;_Z;_Z;_Z;_Z;_Z;_Z;_Z;_Z
2003;ES611;5669;DIV;513.000075;A;_Z;_Z;_Z;_Z;_Z;_Z;_Z;_Z;_Z;_Z
2003;ES611;5664;DIV;513.000075;A;_Z;_Z;_Z;_Z;_Z;_Z;_Z;_Z;_Z;_Z
2003;ES612;5669;DIV;1006.00038;A;_Z;_Z;_Z;_Z;_Z;_Z;_Z;_Z;_Z;_Z
2003;ES612;5664;DIV;1006.00038;A;_Z;_Z;_Z;_Z;_Z;_Z;_Z;_Z;_Z;_Z
2003;ES613;5669;DIV;567.99999;A;_Z;_Z;_Z;_Z;_Z;_Z;_Z;_Z;_Z;_Z
2003;ES613;5664;DIV;567.99999;A;_Z;_Z;_Z;_Z;_Z;_Z;_Z;_Z;_Z;_Z
2003;ES614;5669;DIV;787.999854;A;_Z;_Z;_Z;_Z;_Z;_Z;_Z;_Z;_Z;_Z
2003;ES614;5664;DIV;787.999854;A;_Z;_Z;_Z;_Z;_Z;_Z;_Z;_Z;_Z;_Z
2003;ES615;5669;DIV;439.999954;A;_Z;_Z;_Z;_Z;_Z;_Z;_Z;_Z;_Z;_Z
2003;ES615;5664;DIV;439.999954;A;_Z;_Z;_Z;_Z;_Z;_Z;_Z;_Z;_Z;_Z
2003;ES616;5669;DIV;408.000085;A;_Z;_Z;_Z;_Z;_Z;_Z;_Z;_Z;_Z;_Z
2003;ES616;5664;DIV;408.000085;A;_Z;_Z;_Z;_Z;_Z;_Z;_Z;_Z;_Z;_Z
2003;ES617;5669;DIV;1500.999744;A;_Z;_Z;_Z;_Z;_Z;_Z;_Z;_Z;_Z;_Z
2003;ES617;5664;DIV;1500.999744;A;_Z;_Z;_Z;_Z;_Z;_Z;_Z;_Z;_Z;_Z
2003;ES618;5669;DIV;1567.000092;A;_Z;_Z;_Z;_Z;_Z;_Z;_Z;_Z;_Z;_Z
2003;ES618;5664;DIV;1567.000092;A;_Z;_Z;_Z;_Z;_Z;_Z;_Z;_Z;_Z;_Z
2002;ES61;5669;DIV;6363.999709;A;_Z;_Z;_Z;_Z;_Z;_Z;_Z;_Z;_Z;_Z
2002;ES61;5664;DIV;6363.999709;A;_Z;_Z;_Z;_Z;_Z;_Z;_Z;_Z;_Z;_Z
2002;ES611;5669;DIV;462.9999;A;_Z;_Z;_Z;_Z;_Z;_Z;_Z;_Z;_Z;_Z
2002;ES611;5664;DIV;462.9999;A;_Z;_Z;_Z;_Z;_Z;_Z;_Z;_Z;_Z;_Z
2002;ES612;5669;DIV;957.999859;A;_Z;_Z;_Z;_Z;_Z;_Z;_Z;_Z;_Z;_Z
2002;ES612;5664;DIV;957.999859;A;_Z;_Z;_Z;_Z;_Z;_Z;_Z;_Z;_Z;_Z
2002;ES613;5669;DIV;493.999804;A;_Z;_Z;_Z;_Z;_Z;_Z;_Z;_Z;_Z;_Z
2002;ES613;5664;DIV;493.999804;A;_Z;_Z;_Z;_Z;_Z;_Z;_Z;_Z;_Z;_Z
2002;ES614;5669;DIV;746.999952;A;_Z;_Z;_Z;_Z;_Z;_Z;_Z;_Z;_Z;_Z
2002;ES614;5664;DIV;746.999952;A;_Z;_Z;_Z;_Z;_Z;_Z;_Z;_Z;_Z;_Z
2002;ES615;5669;DIV;333.0;A;_Z;_Z;_Z;_Z;_Z;_Z;_Z;_Z;_Z;_Z
2002;ES615;5664;DIV;333.0;A;_Z;_Z;_Z;_Z;_Z;_Z;_Z;_Z;_Z;_Z
2002;ES616;5669;DIV;356.999936;A;_Z;_Z;_Z;_Z;_Z;_Z;_Z;_Z;_Z;_Z
2002;ES616;5664;DIV;356.999936;A;_Z;_Z;_Z;_Z;_Z;_Z;_Z;_Z;_Z;_Z
2002;ES617;5669;DIV;1505.000544;A;_Z;_Z;_Z;_Z;_Z;_Z;_Z;_Z;_Z;_Z
2002;ES617;5664;DIV;1505.000544;A;_Z;_Z;_Z;_Z;_Z;_Z;_Z;_Z;_Z;_Z
2002;ES618;5669;DIV;1506.999714;A;_Z;_Z;_Z;_Z;_Z;_Z;_Z;_Z;_Z;_Z
2002;ES618;5664;DIV;1506.999714;A;_Z;_Z;_Z;_Z;_Z;_Z;_Z;_Z;_Z;_Z
2001;ES61;5669;DIV;5750.999337;A;_Z;_Z;_Z;_Z;_Z;_Z;_Z;_Z;_Z;_Z
2001;ES61;5664;DIV;5750.999337;A;_Z;_Z;_Z;_Z;_Z;_Z;_Z;_Z;_Z;_Z
2001;ES611;5669;DIV;423.999939;A;_Z;_Z;_Z;_Z;_Z;_Z;_Z;_Z;_Z;_Z
2001;ES611;5664;DIV;423.999939;A;_Z;_Z;_Z;_Z;_Z;_Z;_Z;_Z;_Z;_Z
2001;ES612;5669;DIV;862.99983;A;_Z;_Z;_Z;_Z;_Z;_Z;_Z;_Z;_Z;_Z
2001;ES612;5664;DIV;862.99983;A;_Z;_Z;_Z;_Z;_Z;_Z;_Z;_Z;_Z;_Z
2001;ES613;5669;DIV;500.000085;A;_Z;_Z;_Z;_Z;_Z;_Z;_Z;_Z;_Z;_Z
2001;ES613;5664;DIV;500.000085;A;_Z;_Z;_Z;_Z;_Z;_Z;_Z;_Z;_Z;_Z
2001;ES614;5669;DIV;630.000204;A;_Z;_Z;_Z;_Z;_Z;_Z;_Z;_Z;_Z;_Z
2001;ES614;5664;DIV;630.000204;A;_Z;_Z;_Z;_Z;_Z;_Z;_Z;_Z;_Z;_Z
2001;ES615;5669;DIV;327.999998;A;_Z;_Z;_Z;_Z;_Z;_Z;_Z;_Z;_Z;_Z
2001;ES615;5664;DIV;327.999998;A;_Z;_Z;_Z;_Z;_Z;_Z;_Z;_Z;_Z;_Z
2001;ES616;5669;DIV;297.999919;A;_Z;_Z;_Z;_Z;_Z;_Z;_Z;_Z;_Z;_Z
2001;ES616;5664;DIV;297.999919;A;_Z;_Z;_Z;_Z;_Z;_Z;_Z;_Z;_Z;_Z
2001;ES617;5669;DIV;1340.999712;A;_Z;_Z;_Z;_Z;_Z;_Z;_Z;_Z;_Z;_Z
2001;ES617;5664;DIV;1340.999712;A;_Z;_Z;_Z;_Z;_Z;_Z;_Z;_Z;_Z;_Z
2001;ES618;5669;DIV;1366.99965;A;_Z;_Z;_Z;_Z;_Z;_Z;_Z;_Z;_Z;_Z
2001;ES618;5664;DIV;1366.99965;A;_Z;_Z;_Z;_Z;_Z;_Z;_Z;_Z;_Z;_Z
2000;ES61;5669;DIV;5740.00032;A;_Z;_Z;_Z;_Z;_Z;_Z;_Z;_Z;_Z;_Z
2000;ES61;5664;DIV;5740.00032;A;_Z;_Z;_Z;_Z;_Z;_Z;_Z;_Z;_Z;_Z
2000;ES611;5669;DIV;411.0;A;_Z;_Z;_Z;_Z;_Z;_Z;_Z;_Z;_Z;_Z
2000;ES611;5664;DIV;411.0;A;_Z;_Z;_Z;_Z;_Z;_Z;_Z;_Z;_Z;_Z
2000;ES612;5669;DIV;936.000311;A;_Z;_Z;_Z;_Z;_Z;_Z;_Z;_Z;_Z;_Z
2000;ES612;5664;DIV;936.000311;A;_Z;_Z;_Z;_Z;_Z;_Z;_Z;_Z;_Z;_Z
2000;ES613;5669;DIV;464.000102;A;_Z;_Z;_Z;_Z;_Z;_Z;_Z;_Z;_Z;_Z
2000;ES613;5664;DIV;464.000102;A;_Z;_Z;_Z;_Z;_Z;_Z;_Z;_Z;_Z;_Z
2000;ES614;5669;DIV;665.999884;A;_Z;_Z;_Z;_Z;_Z;_Z;_Z;_Z;_Z;_Z
2000;ES614;5664;DIV;665.999884;A;_Z;_Z;_Z;_Z;_Z;_Z;_Z;_Z;_Z;_Z
2000;ES615;5669;DIV;376.999989;A;_Z;_Z;_Z;_Z;_Z;_Z;_Z;_Z;_Z;_Z
2000;ES615;5664;DIV;376.999989;A;_Z;_Z;_Z;_Z;_Z;_Z;_Z;_Z;_Z;_Z
2000;ES616;5669;DIV;255.999936;A;_Z;_Z;_Z;_Z;_Z;_Z;_Z;_Z;_Z;_Z
2000;ES616;5664;DIV;255.999936;A;_Z;_Z;_Z;_Z;_Z;_Z;_Z;_Z;_Z;_Z
2000;ES617;5669;DIV;1409.0005;A;_Z;_Z;_Z;_Z;_Z;_Z;_Z;_Z;_Z;_Z
2000;ES617;5664;DIV;1409.0005;A;_Z;_Z;_Z;_Z;_Z;_Z;_Z;_Z;_Z;_Z
2000;ES618;5669;DIV;1220.999598;A;_Z;_Z;_Z;_Z;_Z;_Z;_Z;_Z;_Z;_Z
2000;ES618;5664;DIV;1220.999598;A;_Z;_Z;_Z;_Z;_Z;_Z;_Z;_Z;_Z;_Z
1999;ES61;5669;DIV;5117.000106;A;_Z;_Z;_Z;_Z;_Z;_Z;_Z;_Z;_Z;_Z
1999;ES61;5664;DIV;5117.000106;A;_Z;_Z;_Z;_Z;_Z;_Z;_Z;_Z;_Z;_Z
1999;ES611;5669;DIV;386.000076;A;_Z;_Z;_Z;_Z;_Z;_Z;_Z;_Z;_Z;_Z
1999;ES611;5664;DIV;386.000076;A;_Z;_Z;_Z;_Z;_Z;_Z;_Z;_Z;_Z;_Z
1999;ES612;5669;DIV;839.999809;A;_Z;_Z;_Z;_Z;_Z;_Z;_Z;_Z;_Z;_Z
1999;ES612;5664;DIV;839.999809;A;_Z;_Z;_Z;_Z;_Z;_Z;_Z;_Z;_Z;_Z
1999;ES613;5669;DIV;382.999968;A;_Z;_Z;_Z;_Z;_Z;_Z;_Z;_Z;_Z;_Z
1999;ES613;5664;DIV;382.999968;A;_Z;_Z;_Z;_Z;_Z;_Z;_Z;_Z;_Z;_Z
1999;ES614;5669;DIV;575.999946;A;_Z;_Z;_Z;_Z;_Z;_Z;_Z;_Z;_Z;_Z
1999;ES614;5664;DIV;575.999946;A;_Z;_Z;_Z;_Z;_Z;_Z;_Z;_Z;_Z;_Z
1999;ES615;5669;DIV;300.00003;A;_Z;_Z;_Z;_Z;_Z;_Z;_Z;_Z;_Z;_Z
1999;ES615;5664;DIV;300.00003;A;_Z;_Z;_Z;_Z;_Z;_Z;_Z;_Z;_Z;_Z
1999;ES616;5669;DIV;301.999996;A;_Z;_Z;_Z;_Z;_Z;_Z;_Z;_Z;_Z;_Z
1999;ES616;5664;DIV;301.999996;A;_Z;_Z;_Z;_Z;_Z;_Z;_Z;_Z;_Z;_Z
1999;ES617;5669;DIV;1150.000369;A;_Z;_Z;_Z;_Z;_Z;_Z;_Z;_Z;_Z;_Z
1999;ES617;5664;DIV;1150.000369;A;_Z;_Z;_Z;_Z;_Z;_Z;_Z;_Z;_Z;_Z
1999;ES618;5669;DIV;1179.999912;A;_Z;_Z;_Z;_Z;_Z;_Z;_Z;_Z;_Z;_Z
1999;ES618;5664;DIV;1179.999912;A;_Z;_Z;_Z;_Z;_Z;_Z;_Z;_Z;_Z;_Z
1998;ES61;5669;DIV;5076.99993;A;_Z;_Z;_Z;_Z;_Z;_Z;_Z;_Z;_Z;_Z
1998;ES61;5664;DIV;5076.99993;A;_Z;_Z;_Z;_Z;_Z;_Z;_Z;_Z;_Z;_Z
1998;ES611;5669;DIV;367.000102;A;_Z;_Z;_Z;_Z;_Z;_Z;_Z;_Z;_Z;_Z
1998;ES611;5664;DIV;367.000102;A;_Z;_Z;_Z;_Z;_Z;_Z;_Z;_Z;_Z;_Z
1998;ES612;5669;DIV;769.999972;A;_Z;_Z;_Z;_Z;_Z;_Z;_Z;_Z;_Z;_Z
1998;ES612;5664;DIV;769.999972;A;_Z;_Z;_Z;_Z;_Z;_Z;_Z;_Z;_Z;_Z
1998;ES613;5669;DIV;430.999854;A;_Z;_Z;_Z;_Z;_Z;_Z;_Z;_Z;_Z;_Z
1998;ES613;5664;DIV;430.999854;A;_Z;_Z;_Z;_Z;_Z;_Z;_Z;_Z;_Z;_Z
1998;ES614;5669;DIV;552.0;A;_Z;_Z;_Z;_Z;_Z;_Z;_Z;_Z;_Z;_Z
1998;ES614;5664;DIV;552.0;A;_Z;_Z;_Z;_Z;_Z;_Z;_Z;_Z;_Z;_Z
1998;ES615;5669;DIV;309.0;A;_Z;_Z;_Z;_Z;_Z;_Z;_Z;_Z;_Z;_Z
1998;ES615;5664;DIV;309.0;A;_Z;_Z;_Z;_Z;_Z;_Z;_Z;_Z;_Z;_Z
1998;ES616;5669;DIV;301.999984;A;_Z;_Z;_Z;_Z;_Z;_Z;_Z;_Z;_Z;_Z
1998;ES616;5664;DIV;301.999984;A;_Z;_Z;_Z;_Z;_Z;_Z;_Z;_Z;_Z;_Z
1998;ES617;5669;DIV;1159.999858;A;_Z;_Z;_Z;_Z;_Z;_Z;_Z;_Z;_Z;_Z
1998;ES617;5664;DIV;1159.999858;A;_Z;_Z;_Z;_Z;_Z;_Z;_Z;_Z;_Z;_Z
1998;ES618;5669;DIV;1186.00016;A;_Z;_Z;_Z;_Z;_Z;_Z;_Z;_Z;_Z;_Z
1998;ES618;5664;DIV;1186.00016;A;_Z;_Z;_Z;_Z;_Z;_Z;_Z;_Z;_Z;_Z
2020;ES61;5669;SEP;569.10667;A;_Z;_Z;_Z;_Z;_Z;_Z;_Z;_Z;_Z;_Z
2020;ES61;5664;SEP;569.10667;A;_Z;_Z;_Z;_Z;_Z;_Z;_Z;_Z;_Z;_Z
2020;ES611;5669;SEP;32.35418;A;_Z;_Z;_Z;_Z;_Z;_Z;_Z;_Z;_Z;_Z
2020;ES611;5664;SEP;32.35418;A;_Z;_Z;_Z;_Z;_Z;_Z;_Z;_Z;_Z;_Z
2020;ES612;5669;SEP;91.37225;A;_Z;_Z;_Z;_Z;_Z;_Z;_Z;_Z;_Z;_Z
2020;ES612;5664;SEP;91.37225;A;_Z;_Z;_Z;_Z;_Z;_Z;_Z;_Z;_Z;_Z
2020;ES613;5669;SEP;55.28281;A;_Z;_Z;_Z;_Z;_Z;_Z;_Z;_Z;_Z;_Z
2020;ES613;5664;SEP;55.28281;A;_Z;_Z;_Z;_Z;_Z;_Z;_Z;_Z;_Z;_Z
2020;ES614;5669;SEP;68.52691;A;_Z;_Z;_Z;_Z;_Z;_Z;_Z;_Z;_Z;_Z
2020;ES614;5664;SEP;68.52691;A;_Z;_Z;_Z;_Z;_Z;_Z;_Z;_Z;_Z;_Z
2020;ES615;5669;SEP;18.33693;A;_Z;_Z;_Z;_Z;_Z;_Z;_Z;_Z;_Z;_Z
2020;ES615;5664;SEP;18.33693;A;_Z;_Z;_Z;_Z;_Z;_Z;_Z;_Z;_Z;_Z
2020;ES616;5669;SEP;35.30201;A;_Z;_Z;_Z;_Z;_Z;_Z;_Z;_Z;_Z;_Z
2020;ES616;5664;SEP;35.30201;A;_Z;_Z;_Z;_Z;_Z;_Z;_Z;_Z;_Z;_Z
2020;ES617;5669;SEP;142.65563;A;_Z;_Z;_Z;_Z;_Z;_Z;_Z;_Z;_Z;_Z
2020;ES617;5664;SEP;142.65563;A;_Z;_Z;_Z;_Z;_Z;_Z;_Z;_Z;_Z;_Z
2020;ES618;5669;SEP;125.27595;A;_Z;_Z;_Z;_Z;_Z;_Z;_Z;_Z;_Z;_Z
2020;ES618;5664;SEP;125.27595;A;_Z;_Z;_Z;_Z;_Z;_Z;_Z;_Z;_Z;_Z
2019;ES61;5669;SEP;731.04555;A;_Z;_Z;_Z;_Z;_Z;_Z;_Z;_Z;_Z;_Z
2019;ES61;5664;SEP;731.04555;A;_Z;_Z;_Z;_Z;_Z;_Z;_Z;_Z;_Z;_Z
2019;ES611;5669;SEP;36.5805;A;_Z;_Z;_Z;_Z;_Z;_Z;_Z;_Z;_Z;_Z
2019;ES611;5664;SEP;36.5805;A;_Z;_Z;_Z;_Z;_Z;_Z;_Z;_Z;_Z;_Z
2019;ES612;5669;SEP;117.39034;A;_Z;_Z;_Z;_Z;_Z;_Z;_Z;_Z;_Z;_Z
2019;ES612;5664;SEP;117.39034;A;_Z;_Z;_Z;_Z;_Z;_Z;_Z;_Z;_Z;_Z
2019;ES613;5669;SEP;71.72973;A;_Z;_Z;_Z;_Z;_Z;_Z;_Z;_Z;_Z;_Z
2019;ES613;5664;SEP;71.72973;A;_Z;_Z;_Z;_Z;_Z;_Z;_Z;_Z;_Z;_Z
2019;ES614;5669;SEP;60.09424;A;_Z;_Z;_Z;_Z;_Z;_Z;_Z;_Z;_Z;_Z
2019;ES614;5664;SEP;60.09424;A;_Z;_Z;_Z;_Z;_Z;_Z;_Z;_Z;_Z;_Z
2019;ES615;5669;SEP;28.45104;A;_Z;_Z;_Z;_Z;_Z;_Z;_Z;_Z;_Z;_Z
2019;ES615;5664;SEP;28.45104;A;_Z;_Z;_Z;_Z;_Z;_Z;_Z;_Z;_Z;_Z
2019;ES616;5669;SEP;53.24972;A;_Z;_Z;_Z;_Z;_Z;_Z;_Z;_Z;_Z;_Z
2019;ES616;5664;SEP;53.24972;A;_Z;_Z;_Z;_Z;_Z;_Z;_Z;_Z;_Z;_Z
2019;ES617;5669;SEP;201.02437;A;_Z;_Z;_Z;_Z;_Z;_Z;_Z;_Z;_Z;_Z
2019;ES617;5664;SEP;201.02437;A;_Z;_Z;_Z;_Z;_Z;_Z;_Z;_Z;_Z;_Z
2019;ES618;5669;SEP;162.52561;A;_Z;_Z;_Z;_Z;_Z;_Z;_Z;_Z;_Z;_Z
2019;ES618;5664;SEP;162.52561;A;_Z;_Z;_Z;_Z;_Z;_Z;_Z;_Z;_Z;_Z
2018;ES61;5669;SEP;820.8281;A;_Z;_Z;_Z;_Z;_Z;_Z;_Z;_Z;_Z;_Z
2018;ES61;5664;SEP;814.6892;A;_Z;_Z;_Z;_Z;_Z;_Z;_Z;_Z;_Z;_Z
2018;ES61;5668;SEP;6.1389;A;_Z;_Z;_Z;_Z;_Z;_Z;_Z;_Z;_Z;_Z
2018;ES61;5666;SEP;4.0046;A;_Z;_Z;_Z;_Z;_Z;_Z;_Z;_Z;_Z;_Z
2018;ES61;5667;SEP;2.1343;A;_Z;_Z;_Z;_Z;_Z;_Z;_Z;_Z;_Z;_Z
2018;ES611;5669;SEP;26.8855;A;_Z;_Z;_Z;_Z;_Z;_Z;_Z;_Z;_Z;_Z
2018;ES611;5664;SEP;26.8855;A;_Z;_Z;_Z;_Z;_Z;_Z;_Z;_Z;_Z;_Z
2018;ES612;5669;SEP;131.8558;A;_Z;_Z;_Z;_Z;_Z;_Z;_Z;_Z;_Z;_Z
2018;ES612;5664;SEP;131.8558;A;_Z;_Z;_Z;_Z;_Z;_Z;_Z;_Z;_Z;_Z
2018;ES613;5669;SEP;94.772;A;_Z;_Z;_Z;_Z;_Z;_Z;_Z;_Z;_Z;_Z
2018;ES613;5664;SEP;94.772;A;_Z;_Z;_Z;_Z;_Z;_Z;_Z;_Z;_Z;_Z
2018;ES614;5669;SEP;120.6111;A;_Z;_Z;_Z;_Z;_Z;_Z;_Z;_Z;_Z;_Z
2018;ES614;5664;SEP;120.6111;A;_Z;_Z;_Z;_Z;_Z;_Z;_Z;_Z;_Z;_Z
2018;ES615;5669;SEP;27.635;A;_Z;_Z;_Z;_Z;_Z;_Z;_Z;_Z;_Z;_Z
2018;ES615;5664;SEP;27.635;A;_Z;_Z;_Z;_Z;_Z;_Z;_Z;_Z;_Z;_Z
2018;ES616;5669;SEP;86.754;A;_Z;_Z;_Z;_Z;_Z;_Z;_Z;_Z;_Z;_Z
2018;ES616;5664;SEP;84.2185;A;_Z;_Z;_Z;_Z;_Z;_Z;_Z;_Z;_Z;_Z
2018;ES616;5668;SEP;2.5355;A;_Z;_Z;_Z;_Z;_Z;_Z;_Z;_Z;_Z;_Z
2018;ES616;5666;SEP;2.5355;A;_Z;_Z;_Z;_Z;_Z;_Z;_Z;_Z;_Z;_Z
2018;ES617;5669;SEP;134.7646;A;_Z;_Z;_Z;_Z;_Z;_Z;_Z;_Z;_Z;_Z
2018;ES617;5664;SEP;134.7646;A;_Z;_Z;_Z;_Z;_Z;_Z;_Z;_Z;_Z;_Z
2018;ES618;5669;SEP;197.5501;A;_Z;_Z;_Z;_Z;_Z;_Z;_Z;_Z;_Z;_Z
2018;ES618;5664;SEP;193.9467;A;_Z;_Z;_Z;_Z;_Z;_Z;_Z;_Z;_Z;_Z
2018;ES618;5668;SEP;3.6034;A;_Z;_Z;_Z;_Z;_Z;_Z;_Z;_Z;_Z;_Z
2018;ES618;5666;SEP;1.4691;A;_Z;_Z;_Z;_Z;_Z;_Z;_Z;_Z;_Z;_Z
2018;ES618;5667;SEP;2.1343;A;_Z;_Z;_Z;_Z;_Z;_Z;_Z;_Z;_Z;_Z
2017;ES61;5669;SEP;839.597;A;_Z;_Z;_Z;_Z;_Z;_Z;_Z;_Z;_Z;_Z
2017;ES61;5664;SEP;838.2225;A;_Z;_Z;_Z;_Z;_Z;_Z;_Z;_Z;_Z;_Z
2017;ES61;5668;SEP;1.3745;A;_Z;_Z;_Z;_Z;_Z;_Z;_Z;_Z;_Z;_Z
2017;ES61;5667;SEP;1.3745;A;_Z;_Z;_Z;_Z;_Z;_Z;_Z;_Z;_Z;_Z
2017;ES611;5669;SEP;35.0423;A;_Z;_Z;_Z;_Z;_Z;_Z;_Z;_Z;_Z;_Z
2017;ES611;5664;SEP;35.0423;A;_Z;_Z;_Z;_Z;_Z;_Z;_Z;_Z;_Z;_Z
2017;ES612;5669;SEP;163.034;A;_Z;_Z;_Z;_Z;_Z;_Z;_Z;_Z;_Z;_Z
2017;ES612;5664;SEP;163.034;A;_Z;_Z;_Z;_Z;_Z;_Z;_Z;_Z;_Z;_Z
2017;ES613;5669;SEP;92.572;A;_Z;_Z;_Z;_Z;_Z;_Z;_Z;_Z;_Z;_Z
2017;ES613;5664;SEP;92.572;A;_Z;_Z;_Z;_Z;_Z;_Z;_Z;_Z;_Z;_Z
2017;ES614;5669;SEP;91.1584;A;_Z;_Z;_Z;_Z;_Z;_Z;_Z;_Z;_Z;_Z
2017;ES614;5664;SEP;91.1584;A;_Z;_Z;_Z;_Z;_Z;_Z;_Z;_Z;_Z;_Z
2017;ES615;5669;SEP;32.839;A;_Z;_Z;_Z;_Z;_Z;_Z;_Z;_Z;_Z;_Z
2017;ES615;5664;SEP;32.839;A;_Z;_Z;_Z;_Z;_Z;_Z;_Z;_Z;_Z;_Z
2017;ES616;5669;SEP;76.0582;A;_Z;_Z;_Z;_Z;_Z;_Z;_Z;_Z;_Z;_Z
2017;ES616;5664;SEP;76.0582;A;_Z;_Z;_Z;_Z;_Z;_Z;_Z;_Z;_Z;_Z
2017;ES617;5669;SEP;159.5805;A;_Z;_Z;_Z;_Z;_Z;_Z;_Z;_Z;_Z;_Z
2017;ES617;5664;SEP;159.5805;A;_Z;_Z;_Z;_Z;_Z;_Z;_Z;_Z;_Z;_Z
2017;ES618;5669;SEP;189.3126;A;_Z;_Z;_Z;_Z;_Z;_Z;_Z;_Z;_Z;_Z
2017;ES618;5664;SEP;187.9381;A;_Z;_Z;_Z;_Z;_Z;_Z;_Z;_Z;_Z;_Z
2017;ES618;5668;SEP;1.3745;A;_Z;_Z;_Z;_Z;_Z;_Z;_Z;_Z;_Z;_Z
2017;ES618;5667;SEP;1.3745;A;_Z;_Z;_Z;_Z;_Z;_Z;_Z;_Z;_Z;_Z
2016;ES61;5669;SEP;902.9587;A;_Z;_Z;_Z;_Z;_Z;_Z;_Z;_Z;_Z;_Z
2016;ES61;5664;SEP;898.2299;A;_Z;_Z;_Z;_Z;_Z;_Z;_Z;_Z;_Z;_Z
2016;ES61;5668;SEP;4.7288;A;_Z;_Z;_Z;_Z;_Z;_Z;_Z;_Z;_Z;_Z
2016;ES61;5666;SEP;3.0;A;_Z;_Z;_Z;_Z;_Z;_Z;_Z;_Z;_Z;_Z
2016;ES61;5667;SEP;1.7288;A;_Z;_Z;_Z;_Z;_Z;_Z;_Z;_Z;_Z;_Z
2016;ES611;5669;SEP;42.5671;A;_Z;_Z;_Z;_Z;_Z;_Z;_Z;_Z;_Z;_Z
2016;ES611;5664;SEP;42.5671;A;_Z;_Z;_Z;_Z;_Z;_Z;_Z;_Z;_Z;_Z
2016;ES612;5669;SEP;139.4344;A;_Z;_Z;_Z;_Z;_Z;_Z;_Z;_Z;_Z;_Z
2016;ES612;5664;SEP;138.4344;A;_Z;_Z;_Z;_Z;_Z;_Z;_Z;_Z;_Z;_Z
2016;ES612;5668;SEP;1.0;A;_Z;_Z;_Z;_Z;_Z;_Z;_Z;_Z;_Z;_Z
2016;ES612;5666;SEP;1.0;A;_Z;_Z;_Z;_Z;_Z;_Z;_Z;_Z;_Z;_Z
2016;ES613;5669;SEP;115.2214;A;_Z;_Z;_Z;_Z;_Z;_Z;_Z;_Z;_Z;_Z
2016;ES613;5664;SEP;115.2214;A;_Z;_Z;_Z;_Z;_Z;_Z;_Z;_Z;_Z;_Z
2016;ES614;5669;SEP;106.728;A;_Z;_Z;_Z;_Z;_Z;_Z;_Z;_Z;_Z;_Z
2016;ES614;5664;SEP;104.9992;A;_Z;_Z;_Z;_Z;_Z;_Z;_Z;_Z;_Z;_Z
2016;ES614;5668;SEP;1.7288;A;_Z;_Z;_Z;_Z;_Z;_Z;_Z;_Z;_Z;_Z
2016;ES614;5667;SEP;1.7288;A;_Z;_Z;_Z;_Z;_Z;_Z;_Z;_Z;_Z;_Z
2016;ES615;5669;SEP;50.6884;A;_Z;_Z;_Z;_Z;_Z;_Z;_Z;_Z;_Z;_Z
2016;ES615;5664;SEP;49.6884;A;_Z;_Z;_Z;_Z;_Z;_Z;_Z;_Z;_Z;_Z
2016;ES615;5668;SEP;1.0;A;_Z;_Z;_Z;_Z;_Z;_Z;_Z;_Z;_Z;_Z
2016;ES615;5666;SEP;1.0;A;_Z;_Z;_Z;_Z;_Z;_Z;_Z;_Z;_Z;_Z
2016;ES616;5669;SEP;72.7504;A;_Z;_Z;_Z;_Z;_Z;_Z;_Z;_Z;_Z;_Z
2016;ES616;5664;SEP;72.7504;A;_Z;_Z;_Z;_Z;_Z;_Z;_Z;_Z;_Z;_Z
2016;ES617;5669;SEP;172.0624;A;_Z;_Z;_Z;_Z;_Z;_Z;_Z;_Z;_Z;_Z
2016;ES617;5664;SEP;171.0624;A;_Z;_Z;_Z;_Z;_Z;_Z;_Z;_Z;_Z;_Z
2016;ES617;5668;SEP;1.0;A;_Z;_Z;_Z;_Z;_Z;_Z;_Z;_Z;_Z;_Z
2016;ES617;5666;SEP;1.0;A;_Z;_Z;_Z;_Z;_Z;_Z;_Z;_Z;_Z;_Z
2016;ES618;5669;SEP;203.5066;A;_Z;_Z;_Z;_Z;_Z;_Z;_Z;_Z;_Z;_Z
2016;ES618;5664;SEP;203.5066;A;_Z;_Z;_Z;_Z;_Z;_Z;_Z;_Z;_Z;_Z
2015;ES61;5669;SEP;899.1127;A;_Z;_Z;_Z;_Z;_Z;_Z;_Z;_Z;_Z;_Z
2015;ES61;5664;SEP;897.3937;A;_Z;_Z;_Z;_Z;_Z;_Z;_Z;_Z;_Z;_Z
2015;ES61;5668;SEP;1.719;A;_Z;_Z;_Z;_Z;_Z;_Z;_Z;_Z;_Z;_Z
2015;ES61;5666;SEP;1.719;A;_Z;_Z;_Z;_Z;_Z;_Z;_Z;_Z;_Z;_Z
2015;ES611;5669;SEP;56.0604;A;_Z;_Z;_Z;_Z;_Z;_Z;_Z;_Z;_Z;_Z
2015;ES611;5664;SEP;56.0604;A;_Z;_Z;_Z;_Z;_Z;_Z;_Z;_Z;_Z;_Z
2015;ES612;5669;SEP;133.4995;A;_Z;_Z;_Z;_Z;_Z;_Z;_Z;_Z;_Z;_Z
2015;ES612;5664;SEP;133.4995;A;_Z;_Z;_Z;_Z;_Z;_Z;_Z;_Z;_Z;_Z
2015;ES613;5669;SEP;117.3954;A;_Z;_Z;_Z;_Z;_Z;_Z;_Z;_Z;_Z;_Z
2015;ES613;5664;SEP;117.3954;A;_Z;_Z;_Z;_Z;_Z;_Z;_Z;_Z;_Z;_Z
2015;ES614;5669;SEP;108.1972;A;_Z;_Z;_Z;_Z;_Z;_Z;_Z;_Z;_Z;_Z
2015;ES614;5664;SEP;106.4782;A;_Z;_Z;_Z;_Z;_Z;_Z;_Z;_Z;_Z;_Z
2015;ES614;5668;SEP;1.719;A;_Z;_Z;_Z;_Z;_Z;_Z;_Z;_Z;_Z;_Z
2015;ES614;5666;SEP;1.719;A;_Z;_Z;_Z;_Z;_Z;_Z;_Z;_Z;_Z;_Z
2015;ES615;5669;SEP;40.5241;A;_Z;_Z;_Z;_Z;_Z;_Z;_Z;_Z;_Z;_Z
2015;ES615;5664;SEP;40.5241;A;_Z;_Z;_Z;_Z;_Z;_Z;_Z;_Z;_Z;_Z
2015;ES616;5669;SEP;81.3217;A;_Z;_Z;_Z;_Z;_Z;_Z;_Z;_Z;_Z;_Z
2015;ES616;5664;SEP;81.3217;A;_Z;_Z;_Z;_Z;_Z;_Z;_Z;_Z;_Z;_Z
2015;ES617;5669;SEP;173.1336;A;_Z;_Z;_Z;_Z;_Z;_Z;_Z;_Z;_Z;_Z
2015;ES617;5664;SEP;173.1336;A;_Z;_Z;_Z;_Z;_Z;_Z;_Z;_Z;_Z;_Z
2015;ES618;5669;SEP;188.9808;A;_Z;_Z;_Z;_Z;_Z;_Z;_Z;_Z;_Z;_Z
2015;ES618;5664;SEP;188.9808;A;_Z;_Z;_Z;_Z;_Z;_Z;_Z;_Z;_Z;_Z
2014;ES61;5669;SEP;1033.68097;A;_Z;_Z;_Z;_Z;_Z;_Z;_Z;_Z;_Z;_Z
2014;ES61;5664;SEP;1032.17814;A;_Z;_Z;_Z;_Z;_Z;_Z;_Z;_Z;_Z;_Z
2014;ES61;5668;SEP;1.50283;A;_Z;_Z;_Z;_Z;_Z;_Z;_Z;_Z;_Z;_Z
2014;ES61;5666;SEP;1.50283;A;_Z;_Z;_Z;_Z;_Z;_Z;_Z;_Z;_Z;_Z
2014;ES611;5669;SEP;57.933;A;_Z;_Z;_Z;_Z;_Z;_Z;_Z;_Z;_Z;_Z
2014;ES611;5664;SEP;57.933;A;_Z;_Z;_Z;_Z;_Z;_Z;_Z;_Z;_Z;_Z
2014;ES612;5669;SEP;162.30564;A;_Z;_Z;_Z;_Z;_Z;_Z;_Z;_Z;_Z;_Z
2014;ES612;5664;SEP;160.80281;A;_Z;_Z;_Z;_Z;_Z;_Z;_Z;_Z;_Z;_Z
2014;ES612;5668;SEP;1.50283;A;_Z;_Z;_Z;_Z;_Z;_Z;_Z;_Z;_Z;_Z
2014;ES612;5666;SEP;1.50283;A;_Z;_Z;_Z;_Z;_Z;_Z;_Z;_Z;_Z;_Z
2014;ES613;5669;SEP;113.25196;A;_Z;_Z;_Z;_Z;_Z;_Z;_Z;_Z;_Z;_Z
2014;ES613;5664;SEP;113.25196;A;_Z;_Z;_Z;_Z;_Z;_Z;_Z;_Z;_Z;_Z
2014;ES614;5669;SEP;138.23355;A;_Z;_Z;_Z;_Z;_Z;_Z;_Z;_Z;_Z;_Z
2014;ES614;5664;SEP;138.23355;A;_Z;_Z;_Z;_Z;_Z;_Z;_Z;_Z;_Z;_Z
2014;ES615;5669;SEP;57.99901;A;_Z;_Z;_Z;_Z;_Z;_Z;_Z;_Z;_Z;_Z
2014;ES615;5664;SEP;57.99901;A;_Z;_Z;_Z;_Z;_Z;_Z;_Z;_Z;_Z;_Z
2014;ES616;5669;SEP;74.8578;A;_Z;_Z;_Z;_Z;_Z;_Z;_Z;_Z;_Z;_Z
2014;ES616;5664;SEP;74.8578;A;_Z;_Z;_Z;_Z;_Z;_Z;_Z;_Z;_Z;_Z
2014;ES617;5669;SEP;207.69645;A;_Z;_Z;_Z;_Z;_Z;_Z;_Z;_Z;_Z;_Z
2014;ES617;5664;SEP;207.69645;A;_Z;_Z;_Z;_Z;_Z;_Z;_Z;_Z;_Z;_Z
2014;ES618;5669;SEP;221.40356;A;_Z;_Z;_Z;_Z;_Z;_Z;_Z;_Z;_Z;_Z
2014;ES618;5664;SEP;221.40356;A;_Z;_Z;_Z;_Z;_Z;_Z;_Z;_Z;_Z;_Z
2013;ES61;5669;SEP;974.08657;A;_Z;_Z;_Z;_Z;_Z;_Z;_Z;_Z;_Z;_Z
2013;ES61;5664;SEP;972.75807;A;_Z;_Z;_Z;_Z;_Z;_Z;_Z;_Z;_Z;_Z
2013;ES61;5668;SEP;1.3285;A;_Z;_Z;_Z;_Z;_Z;_Z;_Z;_Z;_Z;_Z
2013;ES61;5667;SEP;1.3285;A;_Z;_Z;_Z;_Z;_Z;_Z;_Z;_Z;_Z;_Z
2013;ES611;5669;SEP;64.0302;A;_Z;_Z;_Z;_Z;_Z;_Z;_Z;_Z;_Z;_Z
2013;ES611;5664;SEP;64.0302;A;_Z;_Z;_Z;_Z;_Z;_Z;_Z;_Z;_Z;_Z
2013;ES612;5669;SEP;161.1555;A;_Z;_Z;_Z;_Z;_Z;_Z;_Z;_Z;_Z;_Z
2013;ES612;5664;SEP;161.1555;A;_Z;_Z;_Z;_Z;_Z;_Z;_Z;_Z;_Z;_Z
2013;ES613;5669;SEP;97.66512;A;_Z;_Z;_Z;_Z;_Z;_Z;_Z;_Z;_Z;_Z
2013;ES613;5664;SEP;97.66512;A;_Z;_Z;_Z;_Z;_Z;_Z;_Z;_Z;_Z;_Z
2013;ES614;5669;SEP;103.65564;A;_Z;_Z;_Z;_Z;_Z;_Z;_Z;_Z;_Z;_Z
2013;ES614;5664;SEP;103.65564;A;_Z;_Z;_Z;_Z;_Z;_Z;_Z;_Z;_Z;_Z
2013;ES615;5669;SEP;66.06842;A;_Z;_Z;_Z;_Z;_Z;_Z;_Z;_Z;_Z;_Z
2013;ES615;5664;SEP;66.06842;A;_Z;_Z;_Z;_Z;_Z;_Z;_Z;_Z;_Z;_Z
2013;ES616;5669;SEP;88.90119;A;_Z;_Z;_Z;_Z;_Z;_Z;_Z;_Z;_Z;_Z
2013;ES616;5664;SEP;88.90119;A;_Z;_Z;_Z;_Z;_Z;_Z;_Z;_Z;_Z;_Z
2013;ES617;5669;SEP;186.693;A;_Z;_Z;_Z;_Z;_Z;_Z;_Z;_Z;_Z;_Z
2013;ES617;5664;SEP;186.693;A;_Z;_Z;_Z;_Z;_Z;_Z;_Z;_Z;_Z;_Z
2013;ES618;5669;SEP;205.9175;A;_Z;_Z;_Z;_Z;_Z;_Z;_Z;_Z;_Z;_Z
2013;ES618;5664;SEP;204.589;A;_Z;_Z;_Z;_Z;_Z;_Z;_Z;_Z;_Z;_Z
2013;ES618;5668;SEP;1.3285;A;_Z;_Z;_Z;_Z;_Z;_Z;_Z;_Z;_Z;_Z
2013;ES618;5667;SEP;1.3285;A;_Z;_Z;_Z;_Z;_Z;_Z;_Z;_Z;_Z;_Z
2012;ES61;5669;SEP;1325.99833;A;_Z;_Z;_Z;_Z;_Z;_Z;_Z;_Z;_Z;_Z
2012;ES61;5664;SEP;1324.99833;A;_Z;_Z;_Z;_Z;_Z;_Z;_Z;_Z;_Z;_Z
2012;ES61;5668;SEP;1.0;A;_Z;_Z;_Z;_Z;_Z;_Z;_Z;_Z;_Z;_Z
2012;ES61;5667;SEP;1.0;A;_Z;_Z;_Z;_Z;_Z;_Z;_Z;_Z;_Z;_Z
2012;ES611;5669;SEP;81.0995;A;_Z;_Z;_Z;_Z;_Z;_Z;_Z;_Z;_Z;_Z
2012;ES611;5664;SEP;81.0995;A;_Z;_Z;_Z;_Z;_Z;_Z;_Z;_Z;_Z;_Z
2012;ES612;5669;SEP;217.75166;A;_Z;_Z;_Z;_Z;_Z;_Z;_Z;_Z;_Z;_Z
2012;ES612;5664;SEP;217.75166;A;_Z;_Z;_Z;_Z;_Z;_Z;_Z;_Z;_Z;_Z
2012;ES613;5669;SEP;108.2448;A;_Z;_Z;_Z;_Z;_Z;_Z;_Z;_Z;_Z;_Z
2012;ES613;5664;SEP;108.2448;A;_Z;_Z;_Z;_Z;_Z;_Z;_Z;_Z;_Z;_Z
2012;ES614;5669;SEP;139.01817;A;_Z;_Z;_Z;_Z;_Z;_Z;_Z;_Z;_Z;_Z
2012;ES614;5664;SEP;139.01817;A;_Z;_Z;_Z;_Z;_Z;_Z;_Z;_Z;_Z;_Z
2012;ES615;5669;SEP;60.6245;A;_Z;_Z;_Z;_Z;_Z;_Z;_Z;_Z;_Z;_Z
2012;ES615;5664;SEP;60.6245;A;_Z;_Z;_Z;_Z;_Z;_Z;_Z;_Z;_Z;_Z
2012;ES616;5669;SEP;141.41699;A;_Z;_Z;_Z;_Z;_Z;_Z;_Z;_Z;_Z;_Z
2012;ES616;5664;SEP;141.41699;A;_Z;_Z;_Z;_Z;_Z;_Z;_Z;_Z;_Z;_Z
2012;ES617;5669;SEP;271.91439;A;_Z;_Z;_Z;_Z;_Z;_Z;_Z;_Z;_Z;_Z
2012;ES617;5664;SEP;271.91439;A;_Z;_Z;_Z;_Z;_Z;_Z;_Z;_Z;_Z;_Z
2012;ES618;5669;SEP;305.92832;A;_Z;_Z;_Z;_Z;_Z;_Z;_Z;_Z;_Z;_Z
2012;ES618;5664;SEP;304.92832;A;_Z;_Z;_Z;_Z;_Z;_Z;_Z;_Z;_Z;_Z
2012;ES618;5668;SEP;1.0;A;_Z;_Z;_Z;_Z;_Z;_Z;_Z;_Z;_Z;_Z
2012;ES618;5667;SEP;1.0;A;_Z;_Z;_Z;_Z;_Z;_Z;_Z;_Z;_Z;_Z
2011;ES61;5669;SEP;1399.03667512;A;_Z;_Z;_Z;_Z;_Z;_Z;_Z;_Z;_Z;_Z
2011;ES61;5664;SEP;1399.03667512;A;_Z;_Z;_Z;_Z;_Z;_Z;_Z;_Z;_Z;_Z
2011;ES611;5669;SEP;85.45557379;A;_Z;_Z;_Z;_Z;_Z;_Z;_Z;_Z;_Z;_Z
2011;ES611;5664;SEP;85.45557379;A;_Z;_Z;_Z;_Z;_Z;_Z;_Z;_Z;_Z;_Z
2011;ES612;5669;SEP;246.54489022;A;_Z;_Z;_Z;_Z;_Z;_Z;_Z;_Z;_Z;_Z
2011;ES612;5664;SEP;246.54489022;A;_Z;_Z;_Z;_Z;_Z;_Z;_Z;_Z;_Z;_Z
2011;ES613;5669;SEP;180.74680224;A;_Z;_Z;_Z;_Z;_Z;_Z;_Z;_Z;_Z;_Z
2011;ES613;5664;SEP;180.74680224;A;_Z;_Z;_Z;_Z;_Z;_Z;_Z;_Z;_Z;_Z
2011;ES614;5669;SEP;166.89356225;A;_Z;_Z;_Z;_Z;_Z;_Z;_Z;_Z;_Z;_Z
2011;ES614;5664;SEP;166.89356225;A;_Z;_Z;_Z;_Z;_Z;_Z;_Z;_Z;_Z;_Z
2011;ES615;5669;SEP;59.07766582;A;_Z;_Z;_Z;_Z;_Z;_Z;_Z;_Z;_Z;_Z
2011;ES615;5664;SEP;59.07766582;A;_Z;_Z;_Z;_Z;_Z;_Z;_Z;_Z;_Z;_Z
2011;ES616;5669;SEP;112.55728429;A;_Z;_Z;_Z;_Z;_Z;_Z;_Z;_Z;_Z;_Z
2011;ES616;5664;SEP;112.55728429;A;_Z;_Z;_Z;_Z;_Z;_Z;_Z;_Z;_Z;_Z
2011;ES617;5669;SEP;242.68781176;A;_Z;_Z;_Z;_Z;_Z;_Z;_Z;_Z;_Z;_Z
2011;ES617;5664;SEP;242.68781176;A;_Z;_Z;_Z;_Z;_Z;_Z;_Z;_Z;_Z;_Z
2011;ES618;5669;SEP;305.07308475;A;_Z;_Z;_Z;_Z;_Z;_Z;_Z;_Z;_Z;_Z
2011;ES618;5664;SEP;305.07308475;A;_Z;_Z;_Z;_Z;_Z;_Z;_Z;_Z;_Z;_Z
2010;ES61;5669;SEP;1530.47424568;A;_Z;_Z;_Z;_Z;_Z;_Z;_Z;_Z;_Z;_Z
2010;ES61;5664;SEP;1530.47424568;A;_Z;_Z;_Z;_Z;_Z;_Z;_Z;_Z;_Z;_Z
2010;ES611;5669;SEP;67.26164627;A;_Z;_Z;_Z;_Z;_Z;_Z;_Z;_Z;_Z;_Z
2010;ES611;5664;SEP;67.26164627;A;_Z;_Z;_Z;_Z;_Z;_Z;_Z;_Z;_Z;_Z
2010;ES612;5669;SEP;276.67635717;A;_Z;_Z;_Z;_Z;_Z;_Z;_Z;_Z;_Z;_Z
2010;ES612;5664;SEP;276.67635717;A;_Z;_Z;_Z;_Z;_Z;_Z;_Z;_Z;_Z;_Z
2010;ES613;5669;SEP;201.9348937;A;_Z;_Z;_Z;_Z;_Z;_Z;_Z;_Z;_Z;_Z
2010;ES613;5664;SEP;201.9348937;A;_Z;_Z;_Z;_Z;_Z;_Z;_Z;_Z;_Z;_Z
2010;ES614;5669;SEP;185.5777762;A;_Z;_Z;_Z;_Z;_Z;_Z;_Z;_Z;_Z;_Z
2010;ES614;5664;SEP;185.5777762;A;_Z;_Z;_Z;_Z;_Z;_Z;_Z;_Z;_Z;_Z
2010;ES615;5669;SEP;67.9660588;A;_Z;_Z;_Z;_Z;_Z;_Z;_Z;_Z;_Z;_Z
2010;ES615;5664;SEP;67.9660588;A;_Z;_Z;_Z;_Z;_Z;_Z;_Z;_Z;_Z;_Z
2010;ES616;5669;SEP;120.14646873;A;_Z;_Z;_Z;_Z;_Z;_Z;_Z;_Z;_Z;_Z
2010;ES616;5664;SEP;120.14646873;A;_Z;_Z;_Z;_Z;_Z;_Z;_Z;_Z;_Z;_Z
2010;ES617;5669;SEP;269.07493748;A;_Z;_Z;_Z;_Z;_Z;_Z;_Z;_Z;_Z;_Z
2010;ES617;5664;SEP;269.07493748;A;_Z;_Z;_Z;_Z;_Z;_Z;_Z;_Z;_Z;_Z
2010;ES618;5669;SEP;341.83610733;A;_Z;_Z;_Z;_Z;_Z;_Z;_Z;_Z;_Z;_Z
2010;ES618;5664;SEP;341.83610733;A;_Z;_Z;_Z;_Z;_Z;_Z;_Z;_Z;_Z;_Z
2009;ES61;5669;SEP;1592.640000016;A;_Z;_Z;_Z;_Z;_Z;_Z;_Z;_Z;_Z;_Z
2009;ES61;5664;SEP;1590.640000016;A;_Z;_Z;_Z;_Z;_Z;_Z;_Z;_Z;_Z;_Z
2009;ES61;5668;SEP;2.0;A;_Z;_Z;_Z;_Z;_Z;_Z;_Z;_Z;_Z;_Z
2009;ES61;5666;SEP;2.0;A;_Z;_Z;_Z;_Z;_Z;_Z;_Z;_Z;_Z;_Z
2009;ES611;5669;SEP;82.4700000021;A;_Z;_Z;_Z;_Z;_Z;_Z;_Z;_Z;_Z;_Z
2009;ES611;5664;SEP;82.4700000021;A;_Z;_Z;_Z;_Z;_Z;_Z;_Z;_Z;_Z;_Z
2009;ES612;5669;SEP;275.3500000001;A;_Z;_Z;_Z;_Z;_Z;_Z;_Z;_Z;_Z;_Z
2009;ES612;5664;SEP;275.3500000001;A;_Z;_Z;_Z;_Z;_Z;_Z;_Z;_Z;_Z;_Z
2009;ES613;5669;SEP;191.580000002;A;_Z;_Z;_Z;_Z;_Z;_Z;_Z;_Z;_Z;_Z
2009;ES613;5664;SEP;191.580000002;A;_Z;_Z;_Z;_Z;_Z;_Z;_Z;_Z;_Z;_Z
2009;ES614;5669;SEP;187.1600000002;A;_Z;_Z;_Z;_Z;_Z;_Z;_Z;_Z;_Z;_Z
2009;ES614;5664;SEP;187.1600000002;A;_Z;_Z;_Z;_Z;_Z;_Z;_Z;_Z;_Z;_Z
2009;ES615;5669;SEP;80.0000000014;A;_Z;_Z;_Z;_Z;_Z;_Z;_Z;_Z;_Z;_Z
2009;ES615;5664;SEP;80.0000000014;A;_Z;_Z;_Z;_Z;_Z;_Z;_Z;_Z;_Z;_Z
2009;ES616;5669;SEP;140.120000003;A;_Z;_Z;_Z;_Z;_Z;_Z;_Z;_Z;_Z;_Z
2009;ES616;5664;SEP;140.120000003;A;_Z;_Z;_Z;_Z;_Z;_Z;_Z;_Z;_Z;_Z
2009;ES617;5669;SEP;262.8999999998;A;_Z;_Z;_Z;_Z;_Z;_Z;_Z;_Z;_Z;_Z
2009;ES617;5664;SEP;261.8999999998;A;_Z;_Z;_Z;_Z;_Z;_Z;_Z;_Z;_Z;_Z
2009;ES617;5668;SEP;1.0;A;_Z;_Z;_Z;_Z;_Z;_Z;_Z;_Z;_Z;_Z
2009;ES617;5666;SEP;1.0;A;_Z;_Z;_Z;_Z;_Z;_Z;_Z;_Z;_Z;_Z
2009;ES618;5669;SEP;373.0600000074;A;_Z;_Z;_Z;_Z;_Z;_Z;_Z;_Z;_Z;_Z
2009;ES618;5664;SEP;372.0600000074;A;_Z;_Z;_Z;_Z;_Z;_Z;_Z;_Z;_Z;_Z
2009;ES618;5668;SEP;1.0;A;_Z;_Z;_Z;_Z;_Z;_Z;_Z;_Z;_Z;_Z
2009;ES618;5666;SEP;1.0;A;_Z;_Z;_Z;_Z;_Z;_Z;_Z;_Z;_Z;_Z
2008;ES61;5669;SEP;1692.7371674121;A;_Z;_Z;_Z;_Z;_Z;_Z;_Z;_Z;_Z;_Z
2008;ES61;5664;SEP;1692.7371674121;A;_Z;_Z;_Z;_Z;_Z;_Z;_Z;_Z;_Z;_Z
2008;ES611;5669;SEP;96.2877203913;A;_Z;_Z;_Z;_Z;_Z;_Z;_Z;_Z;_Z;_Z
2008;ES611;5664;SEP;96.2877203913;A;_Z;_Z;_Z;_Z;_Z;_Z;_Z;_Z;_Z;_Z
2008;ES612;5669;SEP;285.8106521385;A;_Z;_Z;_Z;_Z;_Z;_Z;_Z;_Z;_Z;_Z
2008;ES612;5664;SEP;285.8106521385;A;_Z;_Z;_Z;_Z;_Z;_Z;_Z;_Z;_Z;_Z
2008;ES613;5669;SEP;227.038028358;A;_Z;_Z;_Z;_Z;_Z;_Z;_Z;_Z;_Z;_Z
2008;ES613;5664;SEP;227.038028358;A;_Z;_Z;_Z;_Z;_Z;_Z;_Z;_Z;_Z;_Z
2008;ES614;5669;SEP;182.40095509;A;_Z;_Z;_Z;_Z;_Z;_Z;_Z;_Z;_Z;_Z
2008;ES614;5664;SEP;182.40095509;A;_Z;_Z;_Z;_Z;_Z;_Z;_Z;_Z;_Z;_Z
2008;ES615;5669;SEP;100.3696713296;A;_Z;_Z;_Z;_Z;_Z;_Z;_Z;_Z;_Z;_Z
2008;ES615;5664;SEP;100.3696713296;A;_Z;_Z;_Z;_Z;_Z;_Z;_Z;_Z;_Z;_Z
2008;ES616;5669;SEP;135.4196187528;A;_Z;_Z;_Z;_Z;_Z;_Z;_Z;_Z;_Z;_Z
2008;ES616;5664;SEP;135.4196187528;A;_Z;_Z;_Z;_Z;_Z;_Z;_Z;_Z;_Z;_Z
2008;ES617;5669;SEP;266.3862143614;A;_Z;_Z;_Z;_Z;_Z;_Z;_Z;_Z;_Z;_Z
2008;ES617;5664;SEP;266.3862143614;A;_Z;_Z;_Z;_Z;_Z;_Z;_Z;_Z;_Z;_Z
2008;ES618;5669;SEP;399.0243069905;A;_Z;_Z;_Z;_Z;_Z;_Z;_Z;_Z;_Z;_Z
2008;ES618;5664;SEP;399.0243069905;A;_Z;_Z;_Z;_Z;_Z;_Z;_Z;_Z;_Z;_Z
2007;ES61;5669;SEP;2252.190000142;A;_Z;_Z;_Z;_Z;_Z;_Z;_Z;_Z;_Z;_Z
2007;ES61;5664;SEP;2252.190000142;A;_Z;_Z;_Z;_Z;_Z;_Z;_Z;_Z;_Z;_Z
2007;ES611;5669;SEP;121.410000006;A;_Z;_Z;_Z;_Z;_Z;_Z;_Z;_Z;_Z;_Z
2007;ES611;5664;SEP;121.410000006;A;_Z;_Z;_Z;_Z;_Z;_Z;_Z;_Z;_Z;_Z
2007;ES612;5669;SEP;345.03999999;A;_Z;_Z;_Z;_Z;_Z;_Z;_Z;_Z;_Z;_Z
2007;ES612;5664;SEP;345.03999999;A;_Z;_Z;_Z;_Z;_Z;_Z;_Z;_Z;_Z;_Z
2007;ES613;5669;SEP;269.900000005;A;_Z;_Z;_Z;_Z;_Z;_Z;_Z;_Z;_Z;_Z
2007;ES613;5664;SEP;269.900000005;A;_Z;_Z;_Z;_Z;_Z;_Z;_Z;_Z;_Z;_Z
2007;ES614;5669;SEP;229.899999993;A;_Z;_Z;_Z;_Z;_Z;_Z;_Z;_Z;_Z;_Z
2007;ES614;5664;SEP;229.899999993;A;_Z;_Z;_Z;_Z;_Z;_Z;_Z;_Z;_Z;_Z
2007;ES615;5669;SEP;120.089999991;A;_Z;_Z;_Z;_Z;_Z;_Z;_Z;_Z;_Z;_Z
2007;ES615;5664;SEP;120.089999991;A;_Z;_Z;_Z;_Z;_Z;_Z;_Z;_Z;_Z;_Z
2007;ES616;5669;SEP;213.10999998;A;_Z;_Z;_Z;_Z;_Z;_Z;_Z;_Z;_Z;_Z
2007;ES616;5664;SEP;213.10999998;A;_Z;_Z;_Z;_Z;_Z;_Z;_Z;_Z;_Z;_Z
2007;ES617;5669;SEP;424.9200001;A;_Z;_Z;_Z;_Z;_Z;_Z;_Z;_Z;_Z;_Z
2007;ES617;5664;SEP;424.9200001;A;_Z;_Z;_Z;_Z;_Z;_Z;_Z;_Z;_Z;_Z
2007;ES618;5669;SEP;527.820000077;A;_Z;_Z;_Z;_Z;_Z;_Z;_Z;_Z;_Z;_Z
2007;ES618;5664;SEP;527.820000077;A;_Z;_Z;_Z;_Z;_Z;_Z;_Z;_Z;_Z;_Z
2006;ES61;5669;SEP;4085.709783;A;_Z;_Z;_Z;_Z;_Z;_Z;_Z;_Z;_Z;_Z
2006;ES61;5664;SEP;4085.709783;A;_Z;_Z;_Z;_Z;_Z;_Z;_Z;_Z;_Z;_Z
2006;ES611;5669;SEP;267.840027;A;_Z;_Z;_Z;_Z;_Z;_Z;_Z;_Z;_Z;_Z
2006;ES611;5664;SEP;267.840027;A;_Z;_Z;_Z;_Z;_Z;_Z;_Z;_Z;_Z;_Z
2006;ES612;5669;SEP;640.770013;A;_Z;_Z;_Z;_Z;_Z;_Z;_Z;_Z;_Z;_Z
2006;ES612;5664;SEP;640.770013;A;_Z;_Z;_Z;_Z;_Z;_Z;_Z;_Z;_Z;_Z
2006;ES613;5669;SEP;451.979978;A;_Z;_Z;_Z;_Z;_Z;_Z;_Z;_Z;_Z;_Z
2006;ES613;5664;SEP;451.979978;A;_Z;_Z;_Z;_Z;_Z;_Z;_Z;_Z;_Z;_Z
2006;ES614;5669;SEP;537.299946;A;_Z;_Z;_Z;_Z;_Z;_Z;_Z;_Z;_Z;_Z
2006;ES614;5664;SEP;537.299946;A;_Z;_Z;_Z;_Z;_Z;_Z;_Z;_Z;_Z;_Z
2006;ES615;5669;SEP;286.899984;A;_Z;_Z;_Z;_Z;_Z;_Z;_Z;_Z;_Z;_Z
2006;ES615;5664;SEP;286.899984;A;_Z;_Z;_Z;_Z;_Z;_Z;_Z;_Z;_Z;_Z
2006;ES616;5669;SEP;326.429937;A;_Z;_Z;_Z;_Z;_Z;_Z;_Z;_Z;_Z;_Z
2006;ES616;5664;SEP;326.429937;A;_Z;_Z;_Z;_Z;_Z;_Z;_Z;_Z;_Z;_Z
2006;ES617;5669;SEP;657.509904;A;_Z;_Z;_Z;_Z;_Z;_Z;_Z;_Z;_Z;_Z
2006;ES617;5664;SEP;657.509904;A;_Z;_Z;_Z;_Z;_Z;_Z;_Z;_Z;_Z;_Z
2006;ES618;5669;SEP;916.979994;A;_Z;_Z;_Z;_Z;_Z;_Z;_Z;_Z;_Z;_Z
2006;ES618;5664;SEP;916.979994;A;_Z;_Z;_Z;_Z;_Z;_Z;_Z;_Z;_Z;_Z
2005;ES61;5669;SEP;11613.00000646;A;_Z;_Z;_Z;_Z;_Z;_Z;_Z;_Z;_Z;_Z
2005;ES61;5664;SEP;11613.00000646;A;_Z;_Z;_Z;_Z;_Z;_Z;_Z;_Z;_Z;_Z
2005;ES611;5669;SEP;808.99999851;A;_Z;_Z;_Z;_Z;_Z;_Z;_Z;_Z;_Z;_Z
2005;ES611;5664;SEP;808.99999851;A;_Z;_Z;_Z;_Z;_Z;_Z;_Z;_Z;_Z;_Z
2005;ES612;5669;SEP;1853.00000467;A;_Z;_Z;_Z;_Z;_Z;_Z;_Z;_Z;_Z;_Z
2005;ES612;5664;SEP;1853.00000467;A;_Z;_Z;_Z;_Z;_Z;_Z;_Z;_Z;_Z;_Z
2005;ES613;5669;SEP;1087.99999705;A;_Z;_Z;_Z;_Z;_Z;_Z;_Z;_Z;_Z;_Z
2005;ES613;5664;SEP;1087.99999705;A;_Z;_Z;_Z;_Z;_Z;_Z;_Z;_Z;_Z;_Z
2005;ES614;5669;SEP;1255.99999686;A;_Z;_Z;_Z;_Z;_Z;_Z;_Z;_Z;_Z;_Z
2005;ES614;5664;SEP;1255.99999686;A;_Z;_Z;_Z;_Z;_Z;_Z;_Z;_Z;_Z;_Z
2005;ES615;5669;SEP;779.00000184;A;_Z;_Z;_Z;_Z;_Z;_Z;_Z;_Z;_Z;_Z
2005;ES615;5664;SEP;779.00000184;A;_Z;_Z;_Z;_Z;_Z;_Z;_Z;_Z;_Z;_Z
2005;ES616;5669;SEP;816.99999969;A;_Z;_Z;_Z;_Z;_Z;_Z;_Z;_Z;_Z;_Z
2005;ES616;5664;SEP;816.99999969;A;_Z;_Z;_Z;_Z;_Z;_Z;_Z;_Z;_Z;_Z
2005;ES617;5669;SEP;2263.00000248;A;_Z;_Z;_Z;_Z;_Z;_Z;_Z;_Z;_Z;_Z
2005;ES617;5664;SEP;2263.00000248;A;_Z;_Z;_Z;_Z;_Z;_Z;_Z;_Z;_Z;_Z
2005;ES618;5669;SEP;2748.00000536;A;_Z;_Z;_Z;_Z;_Z;_Z;_Z;_Z;_Z;_Z
2005;ES618;5664;SEP;2748.00000536;A;_Z;_Z;_Z;_Z;_Z;_Z;_Z;_Z;_Z;_Z
2004;ES61;5669;SEP;14276.001079;A;_Z;_Z;_Z;_Z;_Z;_Z;_Z;_Z;_Z;_Z
2004;ES61;5664;SEP;14276.001079;A;_Z;_Z;_Z;_Z;_Z;_Z;_Z;_Z;_Z;_Z
2004;ES611;5669;SEP;1112.00024;A;_Z;_Z;_Z;_Z;_Z;_Z;_Z;_Z;_Z;_Z
2004;ES611;5664;SEP;1112.00024;A;_Z;_Z;_Z;_Z;_Z;_Z;_Z;_Z;_Z;_Z
2004;ES612;5669;SEP;2093.000459;A;_Z;_Z;_Z;_Z;_Z;_Z;_Z;_Z;_Z;_Z
2004;ES612;5664;SEP;2093.000459;A;_Z;_Z;_Z;_Z;_Z;_Z;_Z;_Z;_Z;_Z
2004;ES613;5669;SEP;1267.00032;A;_Z;_Z;_Z;_Z;_Z;_Z;_Z;_Z;_Z;_Z
2004;ES613;5664;SEP;1267.00032;A;_Z;_Z;_Z;_Z;_Z;_Z;_Z;_Z;_Z;_Z
2004;ES614;5669;SEP;1612.9995;A;_Z;_Z;_Z;_Z;_Z;_Z;_Z;_Z;_Z;_Z
2004;ES614;5664;SEP;1612.9995;A;_Z;_Z;_Z;_Z;_Z;_Z;_Z;_Z;_Z;_Z
2004;ES615;5669;SEP;935.999804;A;_Z;_Z;_Z;_Z;_Z;_Z;_Z;_Z;_Z;_Z
2004;ES615;5664;SEP;935.999804;A;_Z;_Z;_Z;_Z;_Z;_Z;_Z;_Z;_Z;_Z
2004;ES616;5669;SEP;895.000176;A;_Z;_Z;_Z;_Z;_Z;_Z;_Z;_Z;_Z;_Z
2004;ES616;5664;SEP;895.000176;A;_Z;_Z;_Z;_Z;_Z;_Z;_Z;_Z;_Z;_Z
2004;ES617;5669;SEP;2906.000692;A;_Z;_Z;_Z;_Z;_Z;_Z;_Z;_Z;_Z;_Z
2004;ES617;5664;SEP;2906.000692;A;_Z;_Z;_Z;_Z;_Z;_Z;_Z;_Z;_Z;_Z
2004;ES618;5669;SEP;3453.999888;A;_Z;_Z;_Z;_Z;_Z;_Z;_Z;_Z;_Z;_Z
2004;ES618;5664;SEP;3453.999888;A;_Z;_Z;_Z;_Z;_Z;_Z;_Z;_Z;_Z;_Z
2003;ES61;5669;SEP;12967.001106;A;_Z;_Z;_Z;_Z;_Z;_Z;_Z;_Z;_Z;_Z
2003;ES61;5664;SEP;12967.001106;A;_Z;_Z;_Z;_Z;_Z;_Z;_Z;_Z;_Z;_Z
2003;ES611;5669;SEP;910.999995;A;_Z;_Z;_Z;_Z;_Z;_Z;_Z;_Z;_Z;_Z
2003;ES611;5664;SEP;910.999995;A;_Z;_Z;_Z;_Z;_Z;_Z;_Z;_Z;_Z;_Z
2003;ES612;5669;SEP;1905.00024;A;_Z;_Z;_Z;_Z;_Z;_Z;_Z;_Z;_Z;_Z
2003;ES612;5664;SEP;1905.00024;A;_Z;_Z;_Z;_Z;_Z;_Z;_Z;_Z;_Z;_Z
2003;ES613;5669;SEP;1177.00044;A;_Z;_Z;_Z;_Z;_Z;_Z;_Z;_Z;_Z;_Z
2003;ES613;5664;SEP;1177.00044;A;_Z;_Z;_Z;_Z;_Z;_Z;_Z;_Z;_Z;_Z
2003;ES614;5669;SEP;1573.999476;A;_Z;_Z;_Z;_Z;_Z;_Z;_Z;_Z;_Z;_Z
2003;ES614;5664;SEP;1573.999476;A;_Z;_Z;_Z;_Z;_Z;_Z;_Z;_Z;_Z;_Z
2003;ES615;5669;SEP;761.00001;A;_Z;_Z;_Z;_Z;_Z;_Z;_Z;_Z;_Z;_Z
2003;ES615;5664;SEP;761.00001;A;_Z;_Z;_Z;_Z;_Z;_Z;_Z;_Z;_Z;_Z
2003;ES616;5669;SEP;810.000224;A;_Z;_Z;_Z;_Z;_Z;_Z;_Z;_Z;_Z;_Z
2003;ES616;5664;SEP;810.000224;A;_Z;_Z;_Z;_Z;_Z;_Z;_Z;_Z;_Z;_Z
2003;ES617;5669;SEP;2759.000618;A;_Z;_Z;_Z;_Z;_Z;_Z;_Z;_Z;_Z;_Z
2003;ES617;5664;SEP;2759.000618;A;_Z;_Z;_Z;_Z;_Z;_Z;_Z;_Z;_Z;_Z
2003;ES618;5669;SEP;3070.000103;A;_Z;_Z;_Z;_Z;_Z;_Z;_Z;_Z;_Z;_Z
2003;ES618;5664;SEP;3070.000103;A;_Z;_Z;_Z;_Z;_Z;_Z;_Z;_Z;_Z;_Z
2002;ES61;5669;SEP;12611.000178;A;_Z;_Z;_Z;_Z;_Z;_Z;_Z;_Z;_Z;_Z
2002;ES61;5664;SEP;12611.000178;A;_Z;_Z;_Z;_Z;_Z;_Z;_Z;_Z;_Z;_Z
2002;ES611;5669;SEP;1013.99996;A;_Z;_Z;_Z;_Z;_Z;_Z;_Z;_Z;_Z;_Z
2002;ES611;5664;SEP;1013.99996;A;_Z;_Z;_Z;_Z;_Z;_Z;_Z;_Z;_Z;_Z
2002;ES612;5669;SEP;1800.000576;A;_Z;_Z;_Z;_Z;_Z;_Z;_Z;_Z;_Z;_Z
2002;ES612;5664;SEP;1800.000576;A;_Z;_Z;_Z;_Z;_Z;_Z;_Z;_Z;_Z;_Z
2002;ES613;5669;SEP;1117.999998;A;_Z;_Z;_Z;_Z;_Z;_Z;_Z;_Z;_Z;_Z
2002;ES613;5664;SEP;1117.999998;A;_Z;_Z;_Z;_Z;_Z;_Z;_Z;_Z;_Z;_Z
2002;ES614;5669;SEP;1362.000035;A;_Z;_Z;_Z;_Z;_Z;_Z;_Z;_Z;_Z;_Z
2002;ES614;5664;SEP;1362.000035;A;_Z;_Z;_Z;_Z;_Z;_Z;_Z;_Z;_Z;_Z
2002;ES615;5669;SEP;693.999885;A;_Z;_Z;_Z;_Z;_Z;_Z;_Z;_Z;_Z;_Z
2002;ES615;5664;SEP;693.999885;A;_Z;_Z;_Z;_Z;_Z;_Z;_Z;_Z;_Z;_Z
2002;ES616;5669;SEP;793.999797;A;_Z;_Z;_Z;_Z;_Z;_Z;_Z;_Z;_Z;_Z
2002;ES616;5664;SEP;793.999797;A;_Z;_Z;_Z;_Z;_Z;_Z;_Z;_Z;_Z;_Z
2002;ES617;5669;SEP;2621.999218;A;_Z;_Z;_Z;_Z;_Z;_Z;_Z;_Z;_Z;_Z
2002;ES617;5664;SEP;2621.999218;A;_Z;_Z;_Z;_Z;_Z;_Z;_Z;_Z;_Z;_Z
2002;ES618;5669;SEP;3207.000709;A;_Z;_Z;_Z;_Z;_Z;_Z;_Z;_Z;_Z;_Z
2002;ES618;5664;SEP;3207.000709;A;_Z;_Z;_Z;_Z;_Z;_Z;_Z;_Z;_Z;_Z
2001;ES61;5669;SEP;10770.998593;A;_Z;_Z;_Z;_Z;_Z;_Z;_Z;_Z;_Z;_Z
2001;ES61;5664;SEP;10770.998593;A;_Z;_Z;_Z;_Z;_Z;_Z;_Z;_Z;_Z;_Z
2001;ES611;5669;SEP;733.999794;A;_Z;_Z;_Z;_Z;_Z;_Z;_Z;_Z;_Z;_Z
2001;ES611;5664;SEP;733.999794;A;_Z;_Z;_Z;_Z;_Z;_Z;_Z;_Z;_Z;_Z
2001;ES612;5669;SEP;1631.99998;A;_Z;_Z;_Z;_Z;_Z;_Z;_Z;_Z;_Z;_Z
2001;ES612;5664;SEP;1631.99998;A;_Z;_Z;_Z;_Z;_Z;_Z;_Z;_Z;_Z;_Z
2001;ES613;5669;SEP;1051.99975;A;_Z;_Z;_Z;_Z;_Z;_Z;_Z;_Z;_Z;_Z
2001;ES613;5664;SEP;1051.99975;A;_Z;_Z;_Z;_Z;_Z;_Z;_Z;_Z;_Z;_Z
2001;ES614;5669;SEP;1143.999663;A;_Z;_Z;_Z;_Z;_Z;_Z;_Z;_Z;_Z;_Z
2001;ES614;5664;SEP;1143.999663;A;_Z;_Z;_Z;_Z;_Z;_Z;_Z;_Z;_Z;_Z
2001;ES615;5669;SEP;718.99982;A;_Z;_Z;_Z;_Z;_Z;_Z;_Z;_Z;_Z;_Z
2001;ES615;5664;SEP;718.99982;A;_Z;_Z;_Z;_Z;_Z;_Z;_Z;_Z;_Z;_Z
2001;ES616;5669;SEP;708.0;A;_Z;_Z;_Z;_Z;_Z;_Z;_Z;_Z;_Z;_Z
2001;ES616;5664;SEP;708.0;A;_Z;_Z;_Z;_Z;_Z;_Z;_Z;_Z;_Z;_Z
2001;ES617;5669;SEP;2181.999582;A;_Z;_Z;_Z;_Z;_Z;_Z;_Z;_Z;_Z;_Z
2001;ES617;5664;SEP;2181.999582;A;_Z;_Z;_Z;_Z;_Z;_Z;_Z;_Z;_Z;_Z
2001;ES618;5669;SEP;2600.000004;A;_Z;_Z;_Z;_Z;_Z;_Z;_Z;_Z;_Z;_Z
2001;ES618;5664;SEP;2600.000004;A;_Z;_Z;_Z;_Z;_Z;_Z;_Z;_Z;_Z;_Z
2000;ES61;5669;SEP;10759.000045;A;_Z;_Z;_Z;_Z;_Z;_Z;_Z;_Z;_Z;_Z
2000;ES61;5664;SEP;10759.000045;A;_Z;_Z;_Z;_Z;_Z;_Z;_Z;_Z;_Z;_Z
2000;ES611;5669;SEP;759.000089;A;_Z;_Z;_Z;_Z;_Z;_Z;_Z;_Z;_Z;_Z
2000;ES611;5664;SEP;759.000089;A;_Z;_Z;_Z;_Z;_Z;_Z;_Z;_Z;_Z;_Z
2000;ES612;5669;SEP;1694.00028;A;_Z;_Z;_Z;_Z;_Z;_Z;_Z;_Z;_Z;_Z
2000;ES612;5664;SEP;1694.00028;A;_Z;_Z;_Z;_Z;_Z;_Z;_Z;_Z;_Z;_Z
2000;ES613;5669;SEP;904.999872;A;_Z;_Z;_Z;_Z;_Z;_Z;_Z;_Z;_Z;_Z
2000;ES613;5664;SEP;904.999872;A;_Z;_Z;_Z;_Z;_Z;_Z;_Z;_Z;_Z;_Z
2000;ES614;5669;SEP;1188.000051;A;_Z;_Z;_Z;_Z;_Z;_Z;_Z;_Z;_Z;_Z
2000;ES614;5664;SEP;1188.000051;A;_Z;_Z;_Z;_Z;_Z;_Z;_Z;_Z;_Z;_Z
2000;ES615;5669;SEP;655.000038;A;_Z;_Z;_Z;_Z;_Z;_Z;_Z;_Z;_Z;_Z
2000;ES615;5664;SEP;655.000038;A;_Z;_Z;_Z;_Z;_Z;_Z;_Z;_Z;_Z;_Z
2000;ES616;5669;SEP;667.000116;A;_Z;_Z;_Z;_Z;_Z;_Z;_Z;_Z;_Z;_Z
2000;ES616;5664;SEP;667.000116;A;_Z;_Z;_Z;_Z;_Z;_Z;_Z;_Z;_Z;_Z
2000;ES617;5669;SEP;2343.999334;A;_Z;_Z;_Z;_Z;_Z;_Z;_Z;_Z;_Z;_Z
2000;ES617;5664;SEP;2343.999334;A;_Z;_Z;_Z;_Z;_Z;_Z;_Z;_Z;_Z;_Z
2000;ES618;5669;SEP;2547.000265;A;_Z;_Z;_Z;_Z;_Z;_Z;_Z;_Z;_Z;_Z
2000;ES618;5664;SEP;2547.000265;A;_Z;_Z;_Z;_Z;_Z;_Z;_Z;_Z;_Z;_Z
1999;ES61;5669;SEP;9376.389167;A;_Z;_Z;_Z;_Z;_Z;_Z;_Z;_Z;_Z;_Z
1999;ES61;5664;SEP;9376.389167;A;_Z;_Z;_Z;_Z;_Z;_Z;_Z;_Z;_Z;_Z
1999;ES611;5669;SEP;638.000217;A;_Z;_Z;_Z;_Z;_Z;_Z;_Z;_Z;_Z;_Z
1999;ES611;5664;SEP;638.000217;A;_Z;_Z;_Z;_Z;_Z;_Z;_Z;_Z;_Z;_Z
1999;ES612;5669;SEP;1402.999689;A;_Z;_Z;_Z;_Z;_Z;_Z;_Z;_Z;_Z;_Z
1999;ES612;5664;SEP;1402.999689;A;_Z;_Z;_Z;_Z;_Z;_Z;_Z;_Z;_Z;_Z
1999;ES613;5669;SEP;865.999735;A;_Z;_Z;_Z;_Z;_Z;_Z;_Z;_Z;_Z;_Z
1999;ES613;5664;SEP;865.999735;A;_Z;_Z;_Z;_Z;_Z;_Z;_Z;_Z;_Z;_Z
1999;ES614;5669;SEP;1033.000086;A;_Z;_Z;_Z;_Z;_Z;_Z;_Z;_Z;_Z;_Z
1999;ES614;5664;SEP;1033.000086;A;_Z;_Z;_Z;_Z;_Z;_Z;_Z;_Z;_Z;_Z
1999;ES615;5669;SEP;549.999954;A;_Z;_Z;_Z;_Z;_Z;_Z;_Z;_Z;_Z;_Z
1999;ES615;5664;SEP;549.999954;A;_Z;_Z;_Z;_Z;_Z;_Z;_Z;_Z;_Z;_Z
1999;ES616;5669;SEP;601.0002;A;_Z;_Z;_Z;_Z;_Z;_Z;_Z;_Z;_Z;_Z
1999;ES616;5664;SEP;601.0002;A;_Z;_Z;_Z;_Z;_Z;_Z;_Z;_Z;_Z;_Z
1999;ES617;5669;SEP;2020.999806;A;_Z;_Z;_Z;_Z;_Z;_Z;_Z;_Z;_Z;_Z
1999;ES617;5664;SEP;2020.999806;A;_Z;_Z;_Z;_Z;_Z;_Z;_Z;_Z;_Z;_Z
1999;ES618;5669;SEP;2264.38948;A;_Z;_Z;_Z;_Z;_Z;_Z;_Z;_Z;_Z;_Z
1999;ES618;5664;SEP;2264.38948;A;_Z;_Z;_Z;_Z;_Z;_Z;_Z;_Z;_Z;_Z
1998;ES61;5669;SEP;9329.556592;A;_Z;_Z;_Z;_Z;_Z;_Z;_Z;_Z;_Z;_Z
1998;ES61;5664;SEP;9329.556592;A;_Z;_Z;_Z;_Z;_Z;_Z;_Z;_Z;_Z;_Z
1998;ES611;5669;SEP;673.999758;A;_Z;_Z;_Z;_Z;_Z;_Z;_Z;_Z;_Z;_Z
1998;ES611;5664;SEP;673.999758;A;_Z;_Z;_Z;_Z;_Z;_Z;_Z;_Z;_Z;_Z
1998;ES612;5669;SEP;1387.9998;A;_Z;_Z;_Z;_Z;_Z;_Z;_Z;_Z;_Z;_Z
1998;ES612;5664;SEP;1387.9998;A;_Z;_Z;_Z;_Z;_Z;_Z;_Z;_Z;_Z;_Z
1998;ES613;5669;SEP;894.99984;A;_Z;_Z;_Z;_Z;_Z;_Z;_Z;_Z;_Z;_Z
1998;ES613;5664;SEP;894.99984;A;_Z;_Z;_Z;_Z;_Z;_Z;_Z;_Z;_Z;_Z
1998;ES614;5669;SEP;945.99972;A;_Z;_Z;_Z;_Z;_Z;_Z;_Z;_Z;_Z;_Z
1998;ES614;5664;SEP;945.99972;A;_Z;_Z;_Z;_Z;_Z;_Z;_Z;_Z;_Z;_Z
1998;ES615;5669;SEP;570.000144;A;_Z;_Z;_Z;_Z;_Z;_Z;_Z;_Z;_Z;_Z
1998;ES615;5664;SEP;570.000144;A;_Z;_Z;_Z;_Z;_Z;_Z;_Z;_Z;_Z;_Z
1998;ES616;5669;SEP;594.000154;A;_Z;_Z;_Z;_Z;_Z;_Z;_Z;_Z;_Z;_Z
1998;ES616;5664;SEP;594.000154;A;_Z;_Z;_Z;_Z;_Z;_Z;_Z;_Z;_Z;_Z
1998;ES617;5669;SEP;1871.99972;A;_Z;_Z;_Z;_Z;_Z;_Z;_Z;_Z;_Z;_Z
1998;ES617;5664;SEP;1871.99972;A;_Z;_Z;_Z;_Z;_Z;_Z;_Z;_Z;_Z;_Z
1998;ES618;5669;SEP;2390.557456;A;_Z;_Z;_Z;_Z;_Z;_Z;_Z;_Z;_Z;_Z
1998;ES618;5664;SEP;2390.557456;A;_Z;_Z;_Z;_Z;_Z;_Z;_Z;_Z;_Z;_Z
2020;ES61;5669;DISLUN;5.05742;A;_Z;_Z;_Z;_Z;_Z;_Z;_Z;_Z;_Z;_Z
2020;ES61;5664;DISLUN;5.05742;A;_Z;_Z;_Z;_Z;_Z;_Z;_Z;_Z;_Z;_Z
2020;ES611;5669;DISLUN;2.13486;A;_Z;_Z;_Z;_Z;_Z;_Z;_Z;_Z;_Z;_Z
2020;ES611;5664;DISLUN;2.13486;A;_Z;_Z;_Z;_Z;_Z;_Z;_Z;_Z;_Z;_Z
2020;ES616;5669;DISLUN;2.92256;A;_Z;_Z;_Z;_Z;_Z;_Z;_Z;_Z;_Z;_Z
2020;ES616;5664;DISLUN;2.92256;A;_Z;_Z;_Z;_Z;_Z;_Z;_Z;_Z;_Z;_Z
2019;ES61;5669;DISLUN;13.00912;A;_Z;_Z;_Z;_Z;_Z;_Z;_Z;_Z;_Z;_Z
2019;ES61;5664;DISLUN;13.00912;A;_Z;_Z;_Z;_Z;_Z;_Z;_Z;_Z;_Z;_Z
2019;ES612;5669;DISLUN;6.54042;A;_Z;_Z;_Z;_Z;_Z;_Z;_Z;_Z;_Z;_Z
2019;ES612;5664;DISLUN;6.54042;A;_Z;_Z;_Z;_Z;_Z;_Z;_Z;_Z;_Z;_Z
2019;ES614;5669;DISLUN;2.39728;A;_Z;_Z;_Z;_Z;_Z;_Z;_Z;_Z;_Z;_Z
2019;ES614;5664;DISLUN;2.39728;A;_Z;_Z;_Z;_Z;_Z;_Z;_Z;_Z;_Z;_Z
2019;ES617;5669;DISLUN;2.34554;A;_Z;_Z;_Z;_Z;_Z;_Z;_Z;_Z;_Z;_Z
2019;ES617;5664;DISLUN;2.34554;A;_Z;_Z;_Z;_Z;_Z;_Z;_Z;_Z;_Z;_Z
2019;ES618;5669;DISLUN;1.72588;A;_Z;_Z;_Z;_Z;_Z;_Z;_Z;_Z;_Z;_Z
2019;ES618;5664;DISLUN;1.72588;A;_Z;_Z;_Z;_Z;_Z;_Z;_Z;_Z;_Z;_Z
2018;ES61;5669;DISLUN;15.9558;A;_Z;_Z;_Z;_Z;_Z;_Z;_Z;_Z;_Z;_Z
2018;ES61;5664;DISLUN;15.9558;A;_Z;_Z;_Z;_Z;_Z;_Z;_Z;_Z;_Z;_Z
2018;ES611;5669;DISLUN;1.6277;A;_Z;_Z;_Z;_Z;_Z;_Z;_Z;_Z;_Z;_Z
2018;ES611;5664;DISLUN;1.6277;A;_Z;_Z;_Z;_Z;_Z;_Z;_Z;_Z;_Z;_Z
2018;ES612;5669;DISLUN;8.7124;A;_Z;_Z;_Z;_Z;_Z;_Z;_Z;_Z;_Z;_Z
2018;ES612;5664;DISLUN;8.7124;A;_Z;_Z;_Z;_Z;_Z;_Z;_Z;_Z;_Z;_Z
2018;ES613;5669;DISLUN;1.312;A;_Z;_Z;_Z;_Z;_Z;_Z;_Z;_Z;_Z;_Z
2018;ES613;5664;DISLUN;1.312;A;_Z;_Z;_Z;_Z;_Z;_Z;_Z;_Z;_Z;_Z
2018;ES614;5669;DISLUN;2.3376;A;_Z;_Z;_Z;_Z;_Z;_Z;_Z;_Z;_Z;_Z
2018;ES614;5664;DISLUN;2.3376;A;_Z;_Z;_Z;_Z;_Z;_Z;_Z;_Z;_Z;_Z
2018;ES617;5669;DISLUN;1.9661;A;_Z;_Z;_Z;_Z;_Z;_Z;_Z;_Z;_Z;_Z
2018;ES617;5664;DISLUN;1.9661;A;_Z;_Z;_Z;_Z;_Z;_Z;_Z;_Z;_Z;_Z
2017;ES61;5669;DISLUN;18.7654;A;_Z;_Z;_Z;_Z;_Z;_Z;_Z;_Z;_Z;_Z
2017;ES61;5664;DISLUN;18.7654;A;_Z;_Z;_Z;_Z;_Z;_Z;_Z;_Z;_Z;_Z
2017;ES611;5669;DISLUN;1.5212;A;_Z;_Z;_Z;_Z;_Z;_Z;_Z;_Z;_Z;_Z
2017;ES611;5664;DISLUN;1.5212;A;_Z;_Z;_Z;_Z;_Z;_Z;_Z;_Z;_Z;_Z
2017;ES613;5669;DISLUN;1.523;A;_Z;_Z;_Z;_Z;_Z;_Z;_Z;_Z;_Z;_Z
2017;ES613;5664;DISLUN;1.523;A;_Z;_Z;_Z;_Z;_Z;_Z;_Z;_Z;_Z;_Z
2017;ES614;5669;DISLUN;4.0304;A;_Z;_Z;_Z;_Z;_Z;_Z;_Z;_Z;_Z;_Z
2017;ES614;5664;DISLUN;4.0304;A;_Z;_Z;_Z;_Z;_Z;_Z;_Z;_Z;_Z;_Z
2017;ES616;5669;DISLUN;4.0944;A;_Z;_Z;_Z;_Z;_Z;_Z;_Z;_Z;_Z;_Z
2017;ES616;5664;DISLUN;4.0944;A;_Z;_Z;_Z;_Z;_Z;_Z;_Z;_Z;_Z;_Z
2017;ES617;5669;DISLUN;4.8474;A;_Z;_Z;_Z;_Z;_Z;_Z;_Z;_Z;_Z;_Z
2017;ES617;5664;DISLUN;4.8474;A;_Z;_Z;_Z;_Z;_Z;_Z;_Z;_Z;_Z;_Z
2017;ES618;5669;DISLUN;2.749;A;_Z;_Z;_Z;_Z;_Z;_Z;_Z;_Z;_Z;_Z
2017;ES618;5664;DISLUN;2.749;A;_Z;_Z;_Z;_Z;_Z;_Z;_Z;_Z;_Z;_Z
2016;ES61;5669;DISLUN;13.6103;A;_Z;_Z;_Z;_Z;_Z;_Z;_Z;_Z;_Z;_Z
2016;ES61;5664;DISLUN;13.6103;A;_Z;_Z;_Z;_Z;_Z;_Z;_Z;_Z;_Z;_Z
2016;ES611;5669;DISLUN;1.3299;A;_Z;_Z;_Z;_Z;_Z;_Z;_Z;_Z;_Z;_Z
2016;ES611;5664;DISLUN;1.3299;A;_Z;_Z;_Z;_Z;_Z;_Z;_Z;_Z;_Z;_Z
2016;ES613;5669;DISLUN;1.3049;A;_Z;_Z;_Z;_Z;_Z;_Z;_Z;_Z;_Z;_Z
2016;ES613;5664;DISLUN;1.3049;A;_Z;_Z;_Z;_Z;_Z;_Z;_Z;_Z;_Z;_Z
2016;ES614;5669;DISLUN;1.7288;A;_Z;_Z;_Z;_Z;_Z;_Z;_Z;_Z;_Z;_Z
2016;ES614;5664;DISLUN;1.7288;A;_Z;_Z;_Z;_Z;_Z;_Z;_Z;_Z;_Z;_Z
2016;ES615;5669;DISLUN;3.4584;A;_Z;_Z;_Z;_Z;_Z;_Z;_Z;_Z;_Z;_Z
2016;ES615;5664;DISLUN;3.4584;A;_Z;_Z;_Z;_Z;_Z;_Z;_Z;_Z;_Z;_Z
2016;ES616;5669;DISLUN;1.4948;A;_Z;_Z;_Z;_Z;_Z;_Z;_Z;_Z;_Z;_Z
2016;ES616;5664;DISLUN;1.4948;A;_Z;_Z;_Z;_Z;_Z;_Z;_Z;_Z;_Z;_Z
2016;ES617;5669;DISLUN;3.0012;A;_Z;_Z;_Z;_Z;_Z;_Z;_Z;_Z;_Z;_Z
2016;ES617;5664;DISLUN;3.0012;A;_Z;_Z;_Z;_Z;_Z;_Z;_Z;_Z;_Z;_Z
2016;ES618;5669;DISLUN;1.2923;A;_Z;_Z;_Z;_Z;_Z;_Z;_Z;_Z;_Z;_Z
2016;ES618;5664;DISLUN;1.2923;A;_Z;_Z;_Z;_Z;_Z;_Z;_Z;_Z;_Z;_Z
2015;ES61;5669;DISLUN;29.5612;A;_Z;_Z;_Z;_Z;_Z;_Z;_Z;_Z;_Z;_Z
2015;ES61;5664;DISLUN;29.5612;A;_Z;_Z;_Z;_Z;_Z;_Z;_Z;_Z;_Z;_Z
2015;ES611;5669;DISLUN;3.1572;A;_Z;_Z;_Z;_Z;_Z;_Z;_Z;_Z;_Z;_Z
2015;ES611;5664;DISLUN;3.1572;A;_Z;_Z;_Z;_Z;_Z;_Z;_Z;_Z;_Z;_Z
2015;ES612;5669;DISLUN;4.7814;A;_Z;_Z;_Z;_Z;_Z;_Z;_Z;_Z;_Z;_Z
2015;ES612;5664;DISLUN;4.7814;A;_Z;_Z;_Z;_Z;_Z;_Z;_Z;_Z;_Z;_Z
2015;ES614;5669;DISLUN;3.438;A;_Z;_Z;_Z;_Z;_Z;_Z;_Z;_Z;_Z;_Z
2015;ES614;5664;DISLUN;3.438;A;_Z;_Z;_Z;_Z;_Z;_Z;_Z;_Z;_Z;_Z
2015;ES615;5669;DISLUN;2.9718;A;_Z;_Z;_Z;_Z;_Z;_Z;_Z;_Z;_Z;_Z
2015;ES615;5664;DISLUN;2.9718;A;_Z;_Z;_Z;_Z;_Z;_Z;_Z;_Z;_Z;_Z
2015;ES617;5669;DISLUN;8.4138;A;_Z;_Z;_Z;_Z;_Z;_Z;_Z;_Z;_Z;_Z
2015;ES617;5664;DISLUN;8.4138;A;_Z;_Z;_Z;_Z;_Z;_Z;_Z;_Z;_Z;_Z
2015;ES618;5669;DISLUN;6.799;A;_Z;_Z;_Z;_Z;_Z;_Z;_Z;_Z;_Z;_Z
2015;ES618;5664;DISLUN;6.799;A;_Z;_Z;_Z;_Z;_Z;_Z;_Z;_Z;_Z;_Z
2014;ES61;5669;DISLUN;38.00724;A;_Z;_Z;_Z;_Z;_Z;_Z;_Z;_Z;_Z;_Z
2014;ES61;5664;DISLUN;38.00724;A;_Z;_Z;_Z;_Z;_Z;_Z;_Z;_Z;_Z;_Z
2014;ES612;5669;DISLUN;9.01698;A;_Z;_Z;_Z;_Z;_Z;_Z;_Z;_Z;_Z;_Z
2014;ES612;5664;DISLUN;9.01698;A;_Z;_Z;_Z;_Z;_Z;_Z;_Z;_Z;_Z;_Z
2014;ES614;5669;DISLUN;1.51905;A;_Z;_Z;_Z;_Z;_Z;_Z;_Z;_Z;_Z;_Z
2014;ES614;5664;DISLUN;1.51905;A;_Z;_Z;_Z;_Z;_Z;_Z;_Z;_Z;_Z;_Z
2014;ES615;5669;DISLUN;2.82922;A;_Z;_Z;_Z;_Z;_Z;_Z;_Z;_Z;_Z;_Z
2014;ES615;5664;DISLUN;2.82922;A;_Z;_Z;_Z;_Z;_Z;_Z;_Z;_Z;_Z;_Z
2014;ES616;5669;DISLUN;1.4678;A;_Z;_Z;_Z;_Z;_Z;_Z;_Z;_Z;_Z;_Z
2014;ES616;5664;DISLUN;1.4678;A;_Z;_Z;_Z;_Z;_Z;_Z;_Z;_Z;_Z;_Z
2014;ES617;5669;DISLUN;6.4402;A;_Z;_Z;_Z;_Z;_Z;_Z;_Z;_Z;_Z;_Z
2014;ES617;5664;DISLUN;6.4402;A;_Z;_Z;_Z;_Z;_Z;_Z;_Z;_Z;_Z;_Z
2014;ES618;5669;DISLUN;16.73399;A;_Z;_Z;_Z;_Z;_Z;_Z;_Z;_Z;_Z;_Z
2014;ES618;5664;DISLUN;16.73399;A;_Z;_Z;_Z;_Z;_Z;_Z;_Z;_Z;_Z;_Z
2013;ES61;5669;DISLUN;29.96762;A;_Z;_Z;_Z;_Z;_Z;_Z;_Z;_Z;_Z;_Z
2013;ES61;5664;DISLUN;28.63912;A;_Z;_Z;_Z;_Z;_Z;_Z;_Z;_Z;_Z;_Z
2013;ES61;5668;DISLUN;1.3285;A;_Z;_Z;_Z;_Z;_Z;_Z;_Z;_Z;_Z;_Z
2013;ES61;5666;DISLUN;1.3285;A;_Z;_Z;_Z;_Z;_Z;_Z;_Z;_Z;_Z;_Z
2013;ES612;5669;DISLUN;2.9301;A;_Z;_Z;_Z;_Z;_Z;_Z;_Z;_Z;_Z;_Z
2013;ES612;5664;DISLUN;2.9301;A;_Z;_Z;_Z;_Z;_Z;_Z;_Z;_Z;_Z;_Z
2013;ES613;5669;DISLUN;1.35646;A;_Z;_Z;_Z;_Z;_Z;_Z;_Z;_Z;_Z;_Z
2013;ES613;5664;DISLUN;1.35646;A;_Z;_Z;_Z;_Z;_Z;_Z;_Z;_Z;_Z;_Z
2013;ES614;5669;DISLUN;5.45556;A;_Z;_Z;_Z;_Z;_Z;_Z;_Z;_Z;_Z;_Z
2013;ES614;5664;DISLUN;5.45556;A;_Z;_Z;_Z;_Z;_Z;_Z;_Z;_Z;_Z;_Z
2013;ES615;5669;DISLUN;1.43627;A;_Z;_Z;_Z;_Z;_Z;_Z;_Z;_Z;_Z;_Z
2013;ES615;5664;DISLUN;1.43627;A;_Z;_Z;_Z;_Z;_Z;_Z;_Z;_Z;_Z;_Z
2013;ES616;5669;DISLUN;1.41113;A;_Z;_Z;_Z;_Z;_Z;_Z;_Z;_Z;_Z;_Z
2013;ES616;5664;DISLUN;1.41113;A;_Z;_Z;_Z;_Z;_Z;_Z;_Z;_Z;_Z;_Z
2013;ES617;5669;DISLUN;1.4361;A;_Z;_Z;_Z;_Z;_Z;_Z;_Z;_Z;_Z;_Z
2013;ES617;5664;DISLUN;1.4361;A;_Z;_Z;_Z;_Z;_Z;_Z;_Z;_Z;_Z;_Z
2013;ES618;5669;DISLUN;15.942;A;_Z;_Z;_Z;_Z;_Z;_Z;_Z;_Z;_Z;_Z
2013;ES618;5664;DISLUN;14.6135;A;_Z;_Z;_Z;_Z;_Z;_Z;_Z;_Z;_Z;_Z
2013;ES618;5668;DISLUN;1.3285;A;_Z;_Z;_Z;_Z;_Z;_Z;_Z;_Z;_Z;_Z
2013;ES618;5666;DISLUN;1.3285;A;_Z;_Z;_Z;_Z;_Z;_Z;_Z;_Z;_Z;_Z
2012;ES61;5669;DISLUN;24.00002;A;_Z;_Z;_Z;_Z;_Z;_Z;_Z;_Z;_Z;_Z
2012;ES61;5664;DISLUN;24.00002;A;_Z;_Z;_Z;_Z;_Z;_Z;_Z;_Z;_Z;_Z
2012;ES611;5669;DISLUN;3.0;A;_Z;_Z;_Z;_Z;_Z;_Z;_Z;_Z;_Z;_Z
2012;ES611;5664;DISLUN;3.0;A;_Z;_Z;_Z;_Z;_Z;_Z;_Z;_Z;_Z;_Z
2012;ES617;5669;DISLUN;2.0;A;_Z;_Z;_Z;_Z;_Z;_Z;_Z;_Z;_Z;_Z
2012;ES617;5664;DISLUN;2.0;A;_Z;_Z;_Z;_Z;_Z;_Z;_Z;_Z;_Z;_Z
2012;ES618;5669;DISLUN;19.00002;A;_Z;_Z;_Z;_Z;_Z;_Z;_Z;_Z;_Z;_Z
2012;ES618;5664;DISLUN;19.00002;A;_Z;_Z;_Z;_Z;_Z;_Z;_Z;_Z;_Z;_Z
2011;ES61;5669;DISLUN;31.0;A;_Z;_Z;_Z;_Z;_Z;_Z;_Z;_Z;_Z;_Z
2011;ES61;5664;DISLUN;31.0;A;_Z;_Z;_Z;_Z;_Z;_Z;_Z;_Z;_Z;_Z
2011;ES611;5669;DISLUN;2.0;A;_Z;_Z;_Z;_Z;_Z;_Z;_Z;_Z;_Z;_Z
2011;ES611;5664;DISLUN;2.0;A;_Z;_Z;_Z;_Z;_Z;_Z;_Z;_Z;_Z;_Z
2011;ES612;5669;DISLUN;2.0;A;_Z;_Z;_Z;_Z;_Z;_Z;_Z;_Z;_Z;_Z
2011;ES612;5664;DISLUN;2.0;A;_Z;_Z;_Z;_Z;_Z;_Z;_Z;_Z;_Z;_Z
2011;ES613;5669;DISLUN;2.0;A;_Z;_Z;_Z;_Z;_Z;_Z;_Z;_Z;_Z;_Z
2011;ES613;5664;DISLUN;2.0;A;_Z;_Z;_Z;_Z;_Z;_Z;_Z;_Z;_Z;_Z
2011;ES614;5669;DISLUN;3.0;A;_Z;_Z;_Z;_Z;_Z;_Z;_Z;_Z;_Z;_Z
2011;ES614;5664;DISLUN;3.0;A;_Z;_Z;_Z;_Z;_Z;_Z;_Z;_Z;_Z;_Z
2011;ES616;5669;DISLUN;1.0;A;_Z;_Z;_Z;_Z;_Z;_Z;_Z;_Z;_Z;_Z
2011;ES616;5664;DISLUN;1.0;A;_Z;_Z;_Z;_Z;_Z;_Z;_Z;_Z;_Z;_Z
2011;ES617;5669;DISLUN;9.0;A;_Z;_Z;_Z;_Z;_Z;_Z;_Z;_Z;_Z;_Z
2011;ES617;5664;DISLUN;9.0;A;_Z;_Z;_Z;_Z;_Z;_Z;_Z;_Z;_Z;_Z
2011;ES618;5669;DISLUN;12.0;A;_Z;_Z;_Z;_Z;_Z;_Z;_Z;_Z;_Z;_Z
2011;ES618;5664;DISLUN;12.0;A;_Z;_Z;_Z;_Z;_Z;_Z;_Z;_Z;_Z;_Z
2010;ES61;5669;DISLUN;30.0;A;_Z;_Z;_Z;_Z;_Z;_Z;_Z;_Z;_Z;_Z
2010;ES61;5664;DISLUN;30.0;A;_Z;_Z;_Z;_Z;_Z;_Z;_Z;_Z;_Z;_Z
2010;ES611;5669;DISLUN;5.0;A;_Z;_Z;_Z;_Z;_Z;_Z;_Z;_Z;_Z;_Z
2010;ES611;5664;DISLUN;5.0;A;_Z;_Z;_Z;_Z;_Z;_Z;_Z;_Z;_Z;_Z
2010;ES612;5669;DISLUN;4.0;A;_Z;_Z;_Z;_Z;_Z;_Z;_Z;_Z;_Z;_Z
2010;ES612;5664;DISLUN;4.0;A;_Z;_Z;_Z;_Z;_Z;_Z;_Z;_Z;_Z;_Z
2010;ES613;5669;DISLUN;1.0;A;_Z;_Z;_Z;_Z;_Z;_Z;_Z;_Z;_Z;_Z
2010;ES613;5664;DISLUN;1.0;A;_Z;_Z;_Z;_Z;_Z;_Z;_Z;_Z;_Z;_Z
2010;ES614;5669;DISLUN;4.0;A;_Z;_Z;_Z;_Z;_Z;_Z;_Z;_Z;_Z;_Z
2010;ES614;5664;DISLUN;4.0;A;_Z;_Z;_Z;_Z;_Z;_Z;_Z;_Z;_Z;_Z
2010;ES615;5669;DISLUN;1.0;A;_Z;_Z;_Z;_Z;_Z;_Z;_Z;_Z;_Z;_Z
2010;ES615;5664;DISLUN;1.0;A;_Z;_Z;_Z;_Z;_Z;_Z;_Z;_Z;_Z;_Z
2010;ES617;5669;DISLUN;8.0;A;_Z;_Z;_Z;_Z;_Z;_Z;_Z;_Z;_Z;_Z
2010;ES617;5664;DISLUN;8.0;A;_Z;_Z;_Z;_Z;_Z;_Z;_Z;_Z;_Z;_Z
2010;ES618;5669;DISLUN;7.0;A;_Z;_Z;_Z;_Z;_Z;_Z;_Z;_Z;_Z;_Z
2010;ES618;5664;DISLUN;7.0;A;_Z;_Z;_Z;_Z;_Z;_Z;_Z;_Z;_Z;_Z
2009;ES61;5669;DISLUN;22.800000001;A;_Z;_Z;_Z;_Z;_Z;_Z;_Z;_Z;_Z;_Z
2009;ES61;5664;DISLUN;22.800000001;A;_Z;_Z;_Z;_Z;_Z;_Z;_Z;_Z;_Z;_Z
2009;ES612;5669;DISLUN;1.0;A;_Z;_Z;_Z;_Z;_Z;_Z;_Z;_Z;_Z;_Z
2009;ES612;5664;DISLUN;1.0;A;_Z;_Z;_Z;_Z;_Z;_Z;_Z;_Z;_Z;_Z
2009;ES613;5669;DISLUN;2.7;A;_Z;_Z;_Z;_Z;_Z;_Z;_Z;_Z;_Z;_Z
2009;ES613;5664;DISLUN;2.7;A;_Z;_Z;_Z;_Z;_Z;_Z;_Z;_Z;_Z;_Z
2009;ES614;5669;DISLUN;3.200000001;A;_Z;_Z;_Z;_Z;_Z;_Z;_Z;_Z;_Z;_Z
2009;ES614;5664;DISLUN;3.200000001;A;_Z;_Z;_Z;_Z;_Z;_Z;_Z;_Z;_Z;_Z
2009;ES615;5669;DISLUN;1.8;A;_Z;_Z;_Z;_Z;_Z;_Z;_Z;_Z;_Z;_Z
2009;ES615;5664;DISLUN;1.8;A;_Z;_Z;_Z;_Z;_Z;_Z;_Z;_Z;_Z;_Z
2009;ES616;5669;DISLUN;2.0;A;_Z;_Z;_Z;_Z;_Z;_Z;_Z;_Z;_Z;_Z
2009;ES616;5664;DISLUN;2.0;A;_Z;_Z;_Z;_Z;_Z;_Z;_Z;_Z;_Z;_Z
2009;ES617;5669;DISLUN;4.0;A;_Z;_Z;_Z;_Z;_Z;_Z;_Z;_Z;_Z;_Z
2009;ES617;5664;DISLUN;4.0;A;_Z;_Z;_Z;_Z;_Z;_Z;_Z;_Z;_Z;_Z
2009;ES618;5669;DISLUN;8.1;A;_Z;_Z;_Z;_Z;_Z;_Z;_Z;_Z;_Z;_Z
2009;ES618;5664;DISLUN;8.1;A;_Z;_Z;_Z;_Z;_Z;_Z;_Z;_Z;_Z;_Z
2008;ES61;5669;DISLUN;20.03268282;A;_Z;_Z;_Z;_Z;_Z;_Z;_Z;_Z;_Z;_Z
2008;ES61;5664;DISLUN;20.03268282;A;_Z;_Z;_Z;_Z;_Z;_Z;_Z;_Z;_Z;_Z
2008;ES611;5669;DISLUN;1.82545068;A;_Z;_Z;_Z;_Z;_Z;_Z;_Z;_Z;_Z;_Z
2008;ES611;5664;DISLUN;1.82545068;A;_Z;_Z;_Z;_Z;_Z;_Z;_Z;_Z;_Z;_Z
2008;ES612;5669;DISLUN;1.0;A;_Z;_Z;_Z;_Z;_Z;_Z;_Z;_Z;_Z;_Z
2008;ES612;5664;DISLUN;1.0;A;_Z;_Z;_Z;_Z;_Z;_Z;_Z;_Z;_Z;_Z
2008;ES613;5669;DISLUN;1.0;A;_Z;_Z;_Z;_Z;_Z;_Z;_Z;_Z;_Z;_Z
2008;ES613;5664;DISLUN;1.0;A;_Z;_Z;_Z;_Z;_Z;_Z;_Z;_Z;_Z;_Z
2008;ES615;5669;DISLUN;2.73817602;A;_Z;_Z;_Z;_Z;_Z;_Z;_Z;_Z;_Z;_Z
2008;ES615;5664;DISLUN;2.73817602;A;_Z;_Z;_Z;_Z;_Z;_Z;_Z;_Z;_Z;_Z
2008;ES617;5669;DISLUN;3.21090136;A;_Z;_Z;_Z;_Z;_Z;_Z;_Z;_Z;_Z;_Z
2008;ES617;5664;DISLUN;3.21090136;A;_Z;_Z;_Z;_Z;_Z;_Z;_Z;_Z;_Z;_Z
2008;ES618;5669;DISLUN;10.25815476;A;_Z;_Z;_Z;_Z;_Z;_Z;_Z;_Z;_Z;_Z
2008;ES618;5664;DISLUN;10.25815476;A;_Z;_Z;_Z;_Z;_Z;_Z;_Z;_Z;_Z;_Z
2007;ES61;5669;DISLUN;23.25;A;_Z;_Z;_Z;_Z;_Z;_Z;_Z;_Z;_Z;_Z
2007;ES61;5664;DISLUN;23.25;A;_Z;_Z;_Z;_Z;_Z;_Z;_Z;_Z;_Z;_Z
2007;ES611;5669;DISLUN;1.9;A;_Z;_Z;_Z;_Z;_Z;_Z;_Z;_Z;_Z;_Z
2007;ES611;5664;DISLUN;1.9;A;_Z;_Z;_Z;_Z;_Z;_Z;_Z;_Z;_Z;_Z
2007;ES612;5669;DISLUN;1.0;A;_Z;_Z;_Z;_Z;_Z;_Z;_Z;_Z;_Z;_Z
2007;ES612;5664;DISLUN;1.0;A;_Z;_Z;_Z;_Z;_Z;_Z;_Z;_Z;_Z;_Z
2007;ES613;5669;DISLUN;3.8;A;_Z;_Z;_Z;_Z;_Z;_Z;_Z;_Z;_Z;_Z
2007;ES613;5664;DISLUN;3.8;A;_Z;_Z;_Z;_Z;_Z;_Z;_Z;_Z;_Z;_Z
2007;ES614;5669;DISLUN;5.7;A;_Z;_Z;_Z;_Z;_Z;_Z;_Z;_Z;_Z;_Z
2007;ES614;5664;DISLUN;5.7;A;_Z;_Z;_Z;_Z;_Z;_Z;_Z;_Z;_Z;_Z
2007;ES615;5669;DISLUN;2.85;A;_Z;_Z;_Z;_Z;_Z;_Z;_Z;_Z;_Z;_Z
2007;ES615;5664;DISLUN;2.85;A;_Z;_Z;_Z;_Z;_Z;_Z;_Z;_Z;_Z;_Z
2007;ES617;5669;DISLUN;5.0;A;_Z;_Z;_Z;_Z;_Z;_Z;_Z;_Z;_Z;_Z
2007;ES617;5664;DISLUN;5.0;A;_Z;_Z;_Z;_Z;_Z;_Z;_Z;_Z;_Z;_Z
2007;ES618;5669;DISLUN;3.0;A;_Z;_Z;_Z;_Z;_Z;_Z;_Z;_Z;_Z;_Z
2007;ES618;5664;DISLUN;3.0;A;_Z;_Z;_Z;_Z;_Z;_Z;_Z;_Z;_Z;_Z
2006;ES61;5669;DISLUN;36.42;A;_Z;_Z;_Z;_Z;_Z;_Z;_Z;_Z;_Z;_Z
2006;ES61;5664;DISLUN;36.42;A;_Z;_Z;_Z;_Z;_Z;_Z;_Z;_Z;_Z;_Z
2006;ES611;5669;DISLUN;1.0;A;_Z;_Z;_Z;_Z;_Z;_Z;_Z;_Z;_Z;_Z
2006;ES611;5664;DISLUN;1.0;A;_Z;_Z;_Z;_Z;_Z;_Z;_Z;_Z;_Z;_Z
2006;ES612;5669;DISLUN;7.44;A;_Z;_Z;_Z;_Z;_Z;_Z;_Z;_Z;_Z;_Z
2006;ES612;5664;DISLUN;7.44;A;_Z;_Z;_Z;_Z;_Z;_Z;_Z;_Z;_Z;_Z
2006;ES613;5669;DISLUN;8.37;A;_Z;_Z;_Z;_Z;_Z;_Z;_Z;_Z;_Z;_Z
2006;ES613;5664;DISLUN;8.37;A;_Z;_Z;_Z;_Z;_Z;_Z;_Z;_Z;_Z;_Z
2006;ES614;5669;DISLUN;1.8;A;_Z;_Z;_Z;_Z;_Z;_Z;_Z;_Z;_Z;_Z
2006;ES614;5664;DISLUN;1.8;A;_Z;_Z;_Z;_Z;_Z;_Z;_Z;_Z;_Z;_Z
2006;ES615;5669;DISLUN;1.0;A;_Z;_Z;_Z;_Z;_Z;_Z;_Z;_Z;_Z;_Z
2006;ES615;5664;DISLUN;1.0;A;_Z;_Z;_Z;_Z;_Z;_Z;_Z;_Z;_Z;_Z
2006;ES616;5669;DISLUN;1.0;A;_Z;_Z;_Z;_Z;_Z;_Z;_Z;_Z;_Z;_Z
2006;ES616;5664;DISLUN;1.0;A;_Z;_Z;_Z;_Z;_Z;_Z;_Z;_Z;_Z;_Z
2006;ES617;5669;DISLUN;8.37;A;_Z;_Z;_Z;_Z;_Z;_Z;_Z;_Z;_Z;_Z
2006;ES617;5664;DISLUN;8.37;A;_Z;_Z;_Z;_Z;_Z;_Z;_Z;_Z;_Z;_Z
2006;ES618;5669;DISLUN;7.44;A;_Z;_Z;_Z;_Z;_Z;_Z;_Z;_Z;_Z;_Z
2006;ES618;5664;DISLUN;7.44;A;_Z;_Z;_Z;_Z;_Z;_Z;_Z;_Z;_Z;_Z
2005;ES61;5669;DISLUN;37.00000001;A;_Z;_Z;_Z;_Z;_Z;_Z;_Z;_Z;_Z;_Z
2005;ES61;5664;DISLUN;37.00000001;A;_Z;_Z;_Z;_Z;_Z;_Z;_Z;_Z;_Z;_Z
2005;ES611;5669;DISLUN;7.0;A;_Z;_Z;_Z;_Z;_Z;_Z;_Z;_Z;_Z;_Z
2005;ES611;5664;DISLUN;7.0;A;_Z;_Z;_Z;_Z;_Z;_Z;_Z;_Z;_Z;_Z
2005;ES612;5669;DISLUN;3.0;A;_Z;_Z;_Z;_Z;_Z;_Z;_Z;_Z;_Z;_Z
2005;ES612;5664;DISLUN;3.0;A;_Z;_Z;_Z;_Z;_Z;_Z;_Z;_Z;_Z;_Z
2005;ES613;5669;DISLUN;3.0;A;_Z;_Z;_Z;_Z;_Z;_Z;_Z;_Z;_Z;_Z
2005;ES613;5664;DISLUN;3.0;A;_Z;_Z;_Z;_Z;_Z;_Z;_Z;_Z;_Z;_Z
2005;ES614;5669;DISLUN;1.0;A;_Z;_Z;_Z;_Z;_Z;_Z;_Z;_Z;_Z;_Z
2005;ES614;5664;DISLUN;1.0;A;_Z;_Z;_Z;_Z;_Z;_Z;_Z;_Z;_Z;_Z
2005;ES615;5669;DISLUN;1.0;A;_Z;_Z;_Z;_Z;_Z;_Z;_Z;_Z;_Z;_Z
2005;ES615;5664;DISLUN;1.0;A;_Z;_Z;_Z;_Z;_Z;_Z;_Z;_Z;_Z;_Z
2005;ES616;5669;DISLUN;1.0;A;_Z;_Z;_Z;_Z;_Z;_Z;_Z;_Z;_Z;_Z
2005;ES616;5664;DISLUN;1.0;A;_Z;_Z;_Z;_Z;_Z;_Z;_Z;_Z;_Z;_Z
2005;ES617;5669;DISLUN;13.00000001;A;_Z;_Z;_Z;_Z;_Z;_Z;_Z;_Z;_Z;_Z
2005;ES617;5664;DISLUN;13.00000001;A;_Z;_Z;_Z;_Z;_Z;_Z;_Z;_Z;_Z;_Z
2005;ES618;5669;DISLUN;8.0;A;_Z;_Z;_Z;_Z;_Z;_Z;_Z;_Z;_Z;_Z
2005;ES618;5664;DISLUN;8.0;A;_Z;_Z;_Z;_Z;_Z;_Z;_Z;_Z;_Z;_Z
2004;ES61;5669;DISLUN;33.000001;A;_Z;_Z;_Z;_Z;_Z;_Z;_Z;_Z;_Z;_Z
2004;ES61;5664;DISLUN;33.000001;A;_Z;_Z;_Z;_Z;_Z;_Z;_Z;_Z;_Z;_Z
2004;ES611;5669;DISLUN;1.0;A;_Z;_Z;_Z;_Z;_Z;_Z;_Z;_Z;_Z;_Z
2004;ES611;5664;DISLUN;1.0;A;_Z;_Z;_Z;_Z;_Z;_Z;_Z;_Z;_Z;_Z
2004;ES612;5669;DISLUN;6.0;A;_Z;_Z;_Z;_Z;_Z;_Z;_Z;_Z;_Z;_Z
2004;ES612;5664;DISLUN;6.0;A;_Z;_Z;_Z;_Z;_Z;_Z;_Z;_Z;_Z;_Z
2004;ES613;5669;DISLUN;2.0;A;_Z;_Z;_Z;_Z;_Z;_Z;_Z;_Z;_Z;_Z
2004;ES613;5664;DISLUN;2.0;A;_Z;_Z;_Z;_Z;_Z;_Z;_Z;_Z;_Z;_Z
2004;ES614;5669;DISLUN;4.0;A;_Z;_Z;_Z;_Z;_Z;_Z;_Z;_Z;_Z;_Z
2004;ES614;5664;DISLUN;4.0;A;_Z;_Z;_Z;_Z;_Z;_Z;_Z;_Z;_Z;_Z
2004;ES616;5669;DISLUN;2.0;A;_Z;_Z;_Z;_Z;_Z;_Z;_Z;_Z;_Z;_Z
2004;ES616;5664;DISLUN;2.0;A;_Z;_Z;_Z;_Z;_Z;_Z;_Z;_Z;_Z;_Z
2004;ES617;5669;DISLUN;7.0;A;_Z;_Z;_Z;_Z;_Z;_Z;_Z;_Z;_Z;_Z
2004;ES617;5664;DISLUN;7.0;A;_Z;_Z;_Z;_Z;_Z;_Z;_Z;_Z;_Z;_Z
2004;ES618;5669;DISLUN;11.000001;A;_Z;_Z;_Z;_Z;_Z;_Z;_Z;_Z;_Z;_Z
2004;ES618;5664;DISLUN;11.000001;A;_Z;_Z;_Z;_Z;_Z;_Z;_Z;_Z;_Z;_Z
2003;ES61;5669;DISLUN;43.0;A;_Z;_Z;_Z;_Z;_Z;_Z;_Z;_Z;_Z;_Z
2003;ES61;5664;DISLUN;43.0;A;_Z;_Z;_Z;_Z;_Z;_Z;_Z;_Z;_Z;_Z
2003;ES611;5669;DISLUN;6.0;A;_Z;_Z;_Z;_Z;_Z;_Z;_Z;_Z;_Z;_Z
2003;ES611;5664;DISLUN;6.0;A;_Z;_Z;_Z;_Z;_Z;_Z;_Z;_Z;_Z;_Z
2003;ES612;5669;DISLUN;6.0;A;_Z;_Z;_Z;_Z;_Z;_Z;_Z;_Z;_Z;_Z
2003;ES612;5664;DISLUN;6.0;A;_Z;_Z;_Z;_Z;_Z;_Z;_Z;_Z;_Z;_Z
2003;ES613;5669;DISLUN;5.0;A;_Z;_Z;_Z;_Z;_Z;_Z;_Z;_Z;_Z;_Z
2003;ES613;5664;DISLUN;5.0;A;_Z;_Z;_Z;_Z;_Z;_Z;_Z;_Z;_Z;_Z
2003;ES614;5669;DISLUN;2.0;A;_Z;_Z;_Z;_Z;_Z;_Z;_Z;_Z;_Z;_Z
2003;ES614;5664;DISLUN;2.0;A;_Z;_Z;_Z;_Z;_Z;_Z;_Z;_Z;_Z;_Z
2003;ES615;5669;DISLUN;2.0;A;_Z;_Z;_Z;_Z;_Z;_Z;_Z;_Z;_Z;_Z
2003;ES615;5664;DISLUN;2.0;A;_Z;_Z;_Z;_Z;_Z;_Z;_Z;_Z;_Z;_Z
2003;ES616;5669;DISLUN;0.0;A;_Z;_Z;_Z;_Z;_Z;_Z;_Z;_Z;_Z;_Z
2003;ES616;5664;DISLUN;0.0;A;_Z;_Z;_Z;_Z;_Z;_Z;_Z;_Z;_Z;_Z
2003;ES617;5669;DISLUN;16.0;A;_Z;_Z;_Z;_Z;_Z;_Z;_Z;_Z;_Z;_Z
2003;ES617;5664;DISLUN;16.0;A;_Z;_Z;_Z;_Z;_Z;_Z;_Z;_Z;_Z;_Z
2003;ES618;5669;DISLUN;6.0;A;_Z;_Z;_Z;_Z;_Z;_Z;_Z;_Z;_Z;_Z
2003;ES618;5664;DISLUN;6.0;A;_Z;_Z;_Z;_Z;_Z;_Z;_Z;_Z;_Z;_Z
2002;ES61;5669;DISLUN;29.0;A;_Z;_Z;_Z;_Z;_Z;_Z;_Z;_Z;_Z;_Z
2002;ES61;5664;DISLUN;29.0;A;_Z;_Z;_Z;_Z;_Z;_Z;_Z;_Z;_Z;_Z
2002;ES611;5669;DISLUN;3.0;A;_Z;_Z;_Z;_Z;_Z;_Z;_Z;_Z;_Z;_Z
2002;ES611;5664;DISLUN;3.0;A;_Z;_Z;_Z;_Z;_Z;_Z;_Z;_Z;_Z;_Z
2002;ES612;5669;DISLUN;5.0;A;_Z;_Z;_Z;_Z;_Z;_Z;_Z;_Z;_Z;_Z
2002;ES612;5664;DISLUN;5.0;A;_Z;_Z;_Z;_Z;_Z;_Z;_Z;_Z;_Z;_Z
2002;ES613;5669;DISLUN;2.0;A;_Z;_Z;_Z;_Z;_Z;_Z;_Z;_Z;_Z;_Z
2002;ES613;5664;DISLUN;2.0;A;_Z;_Z;_Z;_Z;_Z;_Z;_Z;_Z;_Z;_Z
2002;ES614;5669;DISLUN;1.0;A;_Z;_Z;_Z;_Z;_Z;_Z;_Z;_Z;_Z;_Z
2002;ES614;5664;DISLUN;1.0;A;_Z;_Z;_Z;_Z;_Z;_Z;_Z;_Z;_Z;_Z
2002;ES616;5669;DISLUN;1.0;A;_Z;_Z;_Z;_Z;_Z;_Z;_Z;_Z;_Z;_Z
2002;ES616;5664;DISLUN;1.0;A;_Z;_Z;_Z;_Z;_Z;_Z;_Z;_Z;_Z;_Z
2002;ES617;5669;DISLUN;11.0;A;_Z;_Z;_Z;_Z;_Z;_Z;_Z;_Z;_Z;_Z
2002;ES617;5664;DISLUN;11.0;A;_Z;_Z;_Z;_Z;_Z;_Z;_Z;_Z;_Z;_Z
2002;ES618;5669;DISLUN;6.0;A;_Z;_Z;_Z;_Z;_Z;_Z;_Z;_Z;_Z;_Z
2002;ES618;5664;DISLUN;6.0;A;_Z;_Z;_Z;_Z;_Z;_Z;_Z;_Z;_Z;_Z
2001;ES61;5669;DISLUN;18.0;A;_Z;_Z;_Z;_Z;_Z;_Z;_Z;_Z;_Z;_Z
2001;ES61;5664;DISLUN;18.0;A;_Z;_Z;_Z;_Z;_Z;_Z;_Z;_Z;_Z;_Z
2001;ES611;5669;DISLUN;3.0;A;_Z;_Z;_Z;_Z;_Z;_Z;_Z;_Z;_Z;_Z
2001;ES611;5664;DISLUN;3.0;A;_Z;_Z;_Z;_Z;_Z;_Z;_Z;_Z;_Z;_Z
2001;ES612;5669;DISLUN;4.0;A;_Z;_Z;_Z;_Z;_Z;_Z;_Z;_Z;_Z;_Z
2001;ES612;5664;DISLUN;4.0;A;_Z;_Z;_Z;_Z;_Z;_Z;_Z;_Z;_Z;_Z
2001;ES613;5669;DISLUN;4.0;A;_Z;_Z;_Z;_Z;_Z;_Z;_Z;_Z;_Z;_Z
2001;ES613;5664;DISLUN;4.0;A;_Z;_Z;_Z;_Z;_Z;_Z;_Z;_Z;_Z;_Z
2001;ES614;5669;DISLUN;4.0;A;_Z;_Z;_Z;_Z;_Z;_Z;_Z;_Z;_Z;_Z
2001;ES614;5664;DISLUN;4.0;A;_Z;_Z;_Z;_Z;_Z;_Z;_Z;_Z;_Z;_Z
2001;ES617;5669;DISLUN;2.0;A;_Z;_Z;_Z;_Z;_Z;_Z;_Z;_Z;_Z;_Z
2001;ES617;5664;DISLUN;2.0;A;_Z;_Z;_Z;_Z;_Z;_Z;_Z;_Z;_Z;_Z
2001;ES618;5669;DISLUN;1.0;A;_Z;_Z;_Z;_Z;_Z;_Z;_Z;_Z;_Z;_Z
2001;ES618;5664;DISLUN;1.0;A;_Z;_Z;_Z;_Z;_Z;_Z;_Z;_Z;_Z;_Z
2000;ES61;5669;DISLUN;20.0;A;_Z;_Z;_Z;_Z;_Z;_Z;_Z;_Z;_Z;_Z
2000;ES61;5664;DISLUN;20.0;A;_Z;_Z;_Z;_Z;_Z;_Z;_Z;_Z;_Z;_Z
2000;ES612;5669;DISLUN;2.0;A;_Z;_Z;_Z;_Z;_Z;_Z;_Z;_Z;_Z;_Z
2000;ES612;5664;DISLUN;2.0;A;_Z;_Z;_Z;_Z;_Z;_Z;_Z;_Z;_Z;_Z
2000;ES614;5669;DISLUN;5.0;A;_Z;_Z;_Z;_Z;_Z;_Z;_Z;_Z;_Z;_Z
2000;ES614;5664;DISLUN;5.0;A;_Z;_Z;_Z;_Z;_Z;_Z;_Z;_Z;_Z;_Z
2000;ES616;5669;DISLUN;2.0;A;_Z;_Z;_Z;_Z;_Z;_Z;_Z;_Z;_Z;_Z
2000;ES616;5664;DISLUN;2.0;A;_Z;_Z;_Z;_Z;_Z;_Z;_Z;_Z;_Z;_Z
2000;ES617;5669;DISLUN;6.0;A;_Z;_Z;_Z;_Z;_Z;_Z;_Z;_Z;_Z;_Z
2000;ES617;5664;DISLUN;6.0;A;_Z;_Z;_Z;_Z;_Z;_Z;_Z;_Z;_Z;_Z
2000;ES618;5669;DISLUN;5.0;A;_Z;_Z;_Z;_Z;_Z;_Z;_Z;_Z;_Z;_Z
2000;ES618;5664;DISLUN;5.0;A;_Z;_Z;_Z;_Z;_Z;_Z;_Z;_Z;_Z;_Z
1999;ES61;5669;DISLUN;16.0;A;_Z;_Z;_Z;_Z;_Z;_Z;_Z;_Z;_Z;_Z
1999;ES61;5664;DISLUN;16.0;A;_Z;_Z;_Z;_Z;_Z;_Z;_Z;_Z;_Z;_Z
1999;ES612;5669;DISLUN;2.0;A;_Z;_Z;_Z;_Z;_Z;_Z;_Z;_Z;_Z;_Z
1999;ES612;5664;DISLUN;2.0;A;_Z;_Z;_Z;_Z;_Z;_Z;_Z;_Z;_Z;_Z
1999;ES613;5669;DISLUN;1.0;A;_Z;_Z;_Z;_Z;_Z;_Z;_Z;_Z;_Z;_Z
1999;ES613;5664;DISLUN;1.0;A;_Z;_Z;_Z;_Z;_Z;_Z;_Z;_Z;_Z;_Z
1999;ES614;5669;DISLUN;1.0;A;_Z;_Z;_Z;_Z;_Z;_Z;_Z;_Z;_Z;_Z
1999;ES614;5664;DISLUN;1.0;A;_Z;_Z;_Z;_Z;_Z;_Z;_Z;_Z;_Z;_Z
1999;ES615;5669;DISLUN;1.0;A;_Z;_Z;_Z;_Z;_Z;_Z;_Z;_Z;_Z;_Z
1999;ES615;5664;DISLUN;1.0;A;_Z;_Z;_Z;_Z;_Z;_Z;_Z;_Z;_Z;_Z
1999;ES616;5669;DISLUN;2.0;A;_Z;_Z;_Z;_Z;_Z;_Z;_Z;_Z;_Z;_Z
1999;ES616;5664;DISLUN;2.0;A;_Z;_Z;_Z;_Z;_Z;_Z;_Z;_Z;_Z;_Z
1999;ES617;5669;DISLUN;2.0;A;_Z;_Z;_Z;_Z;_Z;_Z;_Z;_Z;_Z;_Z
1999;ES617;5664;DISLUN;2.0;A;_Z;_Z;_Z;_Z;_Z;_Z;_Z;_Z;_Z;_Z
1999;ES618;5669;DISLUN;7.0;A;_Z;_Z;_Z;_Z;_Z;_Z;_Z;_Z;_Z;_Z
1999;ES618;5664;DISLUN;7.0;A;_Z;_Z;_Z;_Z;_Z;_Z;_Z;_Z;_Z;_Z
1998;ES61;5669;DISLUN;18.0;A;_Z;_Z;_Z;_Z;_Z;_Z;_Z;_Z;_Z;_Z
1998;ES61;5664;DISLUN;18.0;A;_Z;_Z;_Z;_Z;_Z;_Z;_Z;_Z;_Z;_Z
1998;ES612;5669;DISLUN;1.0;A;_Z;_Z;_Z;_Z;_Z;_Z;_Z;_Z;_Z;_Z
1998;ES612;5664;DISLUN;1.0;A;_Z;_Z;_Z;_Z;_Z;_Z;_Z;_Z;_Z;_Z
1998;ES614;5669;DISLUN;3.0;A;_Z;_Z;_Z;_Z;_Z;_Z;_Z;_Z;_Z;_Z
1998;ES614;5664;DISLUN;3.0;A;_Z;_Z;_Z;_Z;_Z;_Z;_Z;_Z;_Z;_Z
1998;ES615;5669;DISLUN;1.0;A;_Z;_Z;_Z;_Z;_Z;_Z;_Z;_Z;_Z;_Z
1998;ES615;5664;DISLUN;1.0;A;_Z;_Z;_Z;_Z;_Z;_Z;_Z;_Z;_Z;_Z
1998;ES616;5669;DISLUN;1.0;A;_Z;_Z;_Z;_Z;_Z;_Z;_Z;_Z;_Z;_Z
1998;ES616;5664;DISLUN;1.0;A;_Z;_Z;_Z;_Z;_Z;_Z;_Z;_Z;_Z;_Z
1998;ES617;5669;DISLUN;5.0;A;_Z;_Z;_Z;_Z;_Z;_Z;_Z;_Z;_Z;_Z
1998;ES617;5664;DISLUN;5.0;A;_Z;_Z;_Z;_Z;_Z;_Z;_Z;_Z;_Z;_Z
1998;ES618;5669;DISLUN;7.0;A;_Z;_Z;_Z;_Z;_Z;_Z;_Z;_Z;_Z;_Z
1998;ES618;5664;DISLUN;7.0;A;_Z;_Z;_Z;_Z;_Z;_Z;_Z;_Z;_Z;_Z
