OBS_STATUS;TERRITORIO;TEMPORAL;INDICATOR;OBS_VALUE;FREQ
A;ES611;2020;PERS_MEDI_EMPL;108.89605766200002;A
A;ES611;2019;PERS_MEDI_EMPL;122.33819857300001;A
A;ES611;2018;PERS_MEDI_EMPL;118.414290599;A
A;ES611;2017;PERS_MEDI_EMPL;114.070332196;A
A;ES611;2016;PERS_MEDI_EMPL;106.08983337200002;A
A;ES611;2015;PERS_MEDI_EMPL;104.849470172;A
A;ES611;2014;PERS_MEDI_EMPL;105.256776258;A
A;ES611;2013;PERS_MEDI_EMPL;107.088284755;A
A;ES611;2012;PERS_MEDI_EMPL;104.583333334;A
A;ES611;2011;PERS_MEDI_EMPL;96.32282067;A
A;ES611;2010;PERS_MEDI_EMPL;88.331547421;A
A;ES611;2009;PERS_MEDI_EMPL;85.15801779;A
A;ES611;2008;PERS_MEDI_EMPL;91.370981928;A
A;ES611;2007;PERS_MEDI_EMPL;106.683332428;A
A;ES612;2020;PERS_MEDI_EMPL;175.80401226200001;A
A;ES612;2019;PERS_MEDI_EMPL;222.976781942;A
A;ES612;2018;PERS_MEDI_EMPL;226.552613402;A
A;ES612;2017;PERS_MEDI_EMPL;209.45481442599998;A
A;ES612;2016;PERS_MEDI_EMPL;201.383925488;A
A;ES612;2015;PERS_MEDI_EMPL;194.93183516800002;A
A;ES612;2014;PERS_MEDI_EMPL;196.334916411;A
A;ES612;2013;PERS_MEDI_EMPL;194.61885458700002;A
A;ES612;2012;PERS_MEDI_EMPL;186.929756193;A
A;ES612;2011;PERS_MEDI_EMPL;183.90145374;A
A;ES612;2010;PERS_MEDI_EMPL;175.44125173700002;A
A;ES612;2009;PERS_MEDI_EMPL;193.711536965;A
A;ES612;2008;PERS_MEDI_EMPL;199.347526503;A
A;ES612;2007;PERS_MEDI_EMPL;227.066655283;A
A;ES613;2020;PERS_MEDI_EMPL;29.824598139000003;A
A;ES613;2019;PERS_MEDI_EMPL;41.429419499999995;A
A;ES613;2018;PERS_MEDI_EMPL;38.360813817;A
A;ES613;2017;PERS_MEDI_EMPL;44.928605832;A
A;ES613;2016;PERS_MEDI_EMPL;35.80206099;A
A;ES613;2015;PERS_MEDI_EMPL;34.097458969;A
A;ES613;2014;PERS_MEDI_EMPL;33.336279451;A
A;ES613;2013;PERS_MEDI_EMPL;34.094528555000004;A
A;ES613;2012;PERS_MEDI_EMPL;37.083333333;A
A;ES613;2011;PERS_MEDI_EMPL;37.576684892;A
A;ES613;2010;PERS_MEDI_EMPL;43.211310926;A
A;ES613;2009;PERS_MEDI_EMPL;47.082939808999996;A
A;ES613;2008;PERS_MEDI_EMPL;52.131921894;A
A;ES613;2007;PERS_MEDI_EMPL;53.322424763;A
A;ES614;2020;PERS_MEDI_EMPL;72.744097754;A
A;ES614;2019;PERS_MEDI_EMPL;110.042989053;A
A;ES614;2018;PERS_MEDI_EMPL;106.47612722999999;A
A;ES614;2017;PERS_MEDI_EMPL;103.02120921;A
A;ES614;2016;PERS_MEDI_EMPL;109.43106568;A
A;ES614;2015;PERS_MEDI_EMPL;110.583694288;A
A;ES614;2014;PERS_MEDI_EMPL;112.62010716500001;A
A;ES614;2013;PERS_MEDI_EMPL;110.021970877;A
A;ES614;2012;PERS_MEDI_EMPL;102.07862198199999;A
A;ES614;2011;PERS_MEDI_EMPL;98.38164239899999;A
A;ES614;2010;PERS_MEDI_EMPL;90.888350645;A
A;ES614;2009;PERS_MEDI_EMPL;104.339795955;A
A;ES614;2008;PERS_MEDI_EMPL;110.75350657800001;A
A;ES614;2007;PERS_MEDI_EMPL;101.228298573;A
A;ES615;2020;PERS_MEDI_EMPL;88.32846993800001;A
A;ES615;2019;PERS_MEDI_EMPL;152.171403004;A
A;ES615;2018;PERS_MEDI_EMPL;115.465978862;A
A;ES615;2017;PERS_MEDI_EMPL;98.783037492;A
A;ES615;2016;PERS_MEDI_EMPL;118.78433661599999;A
A;ES615;2015;PERS_MEDI_EMPL;116.40593207399999;A
A;ES615;2014;PERS_MEDI_EMPL;101.20768492600001;A
A;ES615;2013;PERS_MEDI_EMPL;107.96545241;A
A;ES615;2012;PERS_MEDI_EMPL;115.936354587;A
A;ES615;2011;PERS_MEDI_EMPL;126.78735372900002;A
A;ES615;2010;PERS_MEDI_EMPL;142.24077931;A
A;ES615;2009;PERS_MEDI_EMPL;165.778140251;A
A;ES615;2008;PERS_MEDI_EMPL;164.06181279999998;A
A;ES615;2007;PERS_MEDI_EMPL;164.858714873;A
A;ES616;2020;PERS_MEDI_EMPL;30.674568576;A
A;ES616;2019;PERS_MEDI_EMPL;49.769168437000005;A
A;ES616;2018;PERS_MEDI_EMPL;48.588620888;A
A;ES616;2017;PERS_MEDI_EMPL;51.593009728;A
A;ES616;2016;PERS_MEDI_EMPL;49.33503279;A
A;ES616;2015;PERS_MEDI_EMPL;46.558474257;A
A;ES616;2014;PERS_MEDI_EMPL;39.447872302;A
A;ES616;2013;PERS_MEDI_EMPL;47.192001817999994;A
A;ES616;2012;PERS_MEDI_EMPL;46.472465983999996;A
A;ES616;2011;PERS_MEDI_EMPL;46.243470663000004;A
A;ES616;2010;PERS_MEDI_EMPL;49.844758104;A
A;ES616;2009;PERS_MEDI_EMPL;44.332047593;A
A;ES616;2008;PERS_MEDI_EMPL;40.586530148;A
A;ES616;2007;PERS_MEDI_EMPL;41.358316709;A
A;ES617;2020;PERS_MEDI_EMPL;170.847784504;A
A;ES617;2019;PERS_MEDI_EMPL;241.238356049;A
A;ES617;2018;PERS_MEDI_EMPL;234.735681144;A
A;ES617;2017;PERS_MEDI_EMPL;224.326539937;A
A;ES617;2016;PERS_MEDI_EMPL;207.21007306;A
A;ES617;2015;PERS_MEDI_EMPL;193.502525569;A
A;ES617;2014;PERS_MEDI_EMPL;183.827870233;A
A;ES617;2013;PERS_MEDI_EMPL;170.962478482;A
A;ES617;2012;PERS_MEDI_EMPL;167.934466305;A
A;ES617;2011;PERS_MEDI_EMPL;173.077503089;A
A;ES617;2010;PERS_MEDI_EMPL;159.840669969;A
A;ES617;2009;PERS_MEDI_EMPL;150.5198203;A
A;ES617;2008;PERS_MEDI_EMPL;172.72975093399998;A
A;ES617;2007;PERS_MEDI_EMPL;167.89463322400002;A
A;ES618;2020;PERS_MEDI_EMPL;39.625400259;A
A;ES618;2019;PERS_MEDI_EMPL;47.553353672;A
A;ES618;2018;PERS_MEDI_EMPL;39.054035956;A
A;ES618;2017;PERS_MEDI_EMPL;45.753997248000005;A
A;ES618;2016;PERS_MEDI_EMPL;42.884630673000004;A
A;ES618;2015;PERS_MEDI_EMPL;43.961258165;A
A;ES618;2014;PERS_MEDI_EMPL;31.453712080000003;A
A;ES618;2013;PERS_MEDI_EMPL;29.870334388;A
A;ES618;2012;PERS_MEDI_EMPL;35.70872124;A
A;ES618;2011;PERS_MEDI_EMPL;29.606568993000003;A
A;ES618;2010;PERS_MEDI_EMPL;37.748951767;A
A;ES618;2009;PERS_MEDI_EMPL;36.597006236;A
A;ES618;2008;PERS_MEDI_EMPL;60.600081508;A
A;ES618;2007;PERS_MEDI_EMPL;58.773508242999995;A
A;ES61;2020;PERS_MEDI_EMPL;716.744989094;A
A;ES61;2019;PERS_MEDI_EMPL;987.51967023;A
A;ES61;2018;PERS_MEDI_EMPL;927.6481618980001;A
A;ES61;2017;PERS_MEDI_EMPL;891.931546069;A
A;ES61;2016;PERS_MEDI_EMPL;870.920958669;A
A;ES61;2015;PERS_MEDI_EMPL;844.890648662;A
A;ES61;2014;PERS_MEDI_EMPL;803.4852188259999;A
A;ES61;2013;PERS_MEDI_EMPL;801.813905872;A
A;ES61;2012;PERS_MEDI_EMPL;796.7270529580001;A
A;ES61;2011;PERS_MEDI_EMPL;791.897498175;A
A;ES61;2010;PERS_MEDI_EMPL;787.547619879;A
A;ES61;2009;PERS_MEDI_EMPL;827.519304899;A
A;ES61;2008;PERS_MEDI_EMPL;891.5821122929999;A
A;ES61;2007;PERS_MEDI_EMPL;921.185884096;A
P;ES611;2021;PERS_MEDI_EMPL;129.715708444;A
P;ES612;2021;PERS_MEDI_EMPL;247.411136219;A
P;ES613;2021;PERS_MEDI_EMPL;36.441154523;A
P;ES614;2021;PERS_MEDI_EMPL;88.70766969299999;A
P;ES615;2021;PERS_MEDI_EMPL;115.959374863;A
P;ES616;2021;PERS_MEDI_EMPL;44.260750134;A
P;ES617;2021;PERS_MEDI_EMPL;213.659703955;A
P;ES618;2021;PERS_MEDI_EMPL;51.92173863400001;A
P;ES61;2021;PERS_MEDI_EMPL;928.077236465;A
A;ES611;2020;ESTA_MEDI_ABIE_ESTI;18.741809925;A
A;ES611;2019;ESTA_MEDI_ABIE_ESTI;19.702310548;A
A;ES611;2018;ESTA_MEDI_ABIE_ESTI;17.654851511;A
A;ES611;2017;ESTA_MEDI_ABIE_ESTI;16.41702509;A
A;ES611;2016;ESTA_MEDI_ABIE_ESTI;16.51762452;A
A;ES611;2015;ESTA_MEDI_ABIE_ESTI;16.90188172;A
A;ES611;2014;ESTA_MEDI_ABIE_ESTI;18.008333334;A
A;ES611;2013;ESTA_MEDI_ABIE_ESTI;18.733333333;A
A;ES611;2012;ESTA_MEDI_ABIE_ESTI;18.5;A
A;ES611;2011;ESTA_MEDI_ABIE_ESTI;18.125;A
A;ES611;2010;ESTA_MEDI_ABIE_ESTI;17.497311828;A
A;ES611;2009;ESTA_MEDI_ABIE_ESTI;17.577777777;A
A;ES611;2008;ESTA_MEDI_ABIE_ESTI;17.42016129;A
A;ES611;2007;ESTA_MEDI_ABIE_ESTI;18.178225805;A
A;ES612;2020;ESTA_MEDI_ABIE_ESTI;14.562974096;A
A;ES612;2019;ESTA_MEDI_ABIE_ESTI;19.740738791;A
A;ES612;2018;ESTA_MEDI_ABIE_ESTI;19.621482174;A
A;ES612;2017;ESTA_MEDI_ABIE_ESTI;20.137903225;A
A;ES612;2016;ESTA_MEDI_ABIE_ESTI;21.214782094;A
A;ES612;2015;ESTA_MEDI_ABIE_ESTI;20.618237168;A
A;ES612;2014;ESTA_MEDI_ABIE_ESTI;20.725610254;A
A;ES612;2013;ESTA_MEDI_ABIE_ESTI;21.164964157;A
A;ES612;2012;ESTA_MEDI_ABIE_ESTI;22.393263309;A
A;ES612;2011;ESTA_MEDI_ABIE_ESTI;20.490945418;A
A;ES612;2010;ESTA_MEDI_ABIE_ESTI;20.910536557;A
A;ES612;2009;ESTA_MEDI_ABIE_ESTI;21.71644812;A
A;ES612;2008;ESTA_MEDI_ABIE_ESTI;21.792799678;A
A;ES612;2007;ESTA_MEDI_ABIE_ESTI;23.317286159;A
A;ES613;2020;ESTA_MEDI_ABIE_ESTI;5.29423265;A
A;ES613;2019;ESTA_MEDI_ABIE_ESTI;6.887634409;A
A;ES613;2018;ESTA_MEDI_ABIE_ESTI;6.858333333;A
A;ES613;2017;ESTA_MEDI_ABIE_ESTI;6.939516129;A
A;ES613;2016;ESTA_MEDI_ABIE_ESTI;6.850925926;A
A;ES613;2015;ESTA_MEDI_ABIE_ESTI;6.652598567;A
A;ES613;2014;ESTA_MEDI_ABIE_ESTI;6.669354839;A
A;ES613;2013;ESTA_MEDI_ABIE_ESTI;6.896505376;A
A;ES613;2012;ESTA_MEDI_ABIE_ESTI;6.833333334;A
A;ES613;2011;ESTA_MEDI_ABIE_ESTI;7.247311828;A
A;ES613;2010;ESTA_MEDI_ABIE_ESTI;7.331989247;A
A;ES613;2009;ESTA_MEDI_ABIE_ESTI;7.975806451;A
A;ES613;2008;ESTA_MEDI_ABIE_ESTI;7.623655914;A
A;ES613;2007;ESTA_MEDI_ABIE_ESTI;7.454883513;A
A;ES614;2020;ESTA_MEDI_ABIE_ESTI;15.631834475;A
A;ES614;2019;ESTA_MEDI_ABIE_ESTI;21.032828283;A
A;ES614;2018;ESTA_MEDI_ABIE_ESTI;20.772759857;A
A;ES614;2017;ESTA_MEDI_ABIE_ESTI;20.7640745;A
A;ES614;2016;ESTA_MEDI_ABIE_ESTI;22.596326164;A
A;ES614;2015;ESTA_MEDI_ABIE_ESTI;21.630197132;A
A;ES614;2014;ESTA_MEDI_ABIE_ESTI;22.213888888;A
A;ES614;2013;ESTA_MEDI_ABIE_ESTI;22.020250896;A
A;ES614;2012;ESTA_MEDI_ABIE_ESTI;22.267222222;A
A;ES614;2011;ESTA_MEDI_ABIE_ESTI;21.003464755;A
A;ES614;2010;ESTA_MEDI_ABIE_ESTI;20.191173835;A
A;ES614;2009;ESTA_MEDI_ABIE_ESTI;21.083960574;A
A;ES614;2008;ESTA_MEDI_ABIE_ESTI;21.295698925;A
A;ES614;2007;ESTA_MEDI_ABIE_ESTI;19.622401434;A
A;ES615;2020;ESTA_MEDI_ABIE_ESTI;7.340860214;A
A;ES615;2019;ESTA_MEDI_ABIE_ESTI;9.392473119;A
A;ES615;2018;ESTA_MEDI_ABIE_ESTI;8.312634409;A
A;ES615;2017;ESTA_MEDI_ABIE_ESTI;9.4422043;A
A;ES615;2016;ESTA_MEDI_ABIE_ESTI;10.682616487;A
A;ES615;2015;ESTA_MEDI_ABIE_ESTI;10.819892473;A
A;ES615;2014;ESTA_MEDI_ABIE_ESTI;9.693637993;A
A;ES615;2013;ESTA_MEDI_ABIE_ESTI;8.704480287;A
A;ES615;2012;ESTA_MEDI_ABIE_ESTI;9.028109937;A
A;ES615;2011;ESTA_MEDI_ABIE_ESTI;8.65483871;A
A;ES615;2010;ESTA_MEDI_ABIE_ESTI;10.980555556;A
A;ES615;2009;ESTA_MEDI_ABIE_ESTI;11.916666667;A
A;ES615;2008;ESTA_MEDI_ABIE_ESTI;11.459677419;A
A;ES615;2007;ESTA_MEDI_ABIE_ESTI;10.954301075;A
A;ES616;2020;ESTA_MEDI_ABIE_ESTI;6.242946708;A
A;ES616;2019;ESTA_MEDI_ABIE_ESTI;10.559856631;A
A;ES616;2018;ESTA_MEDI_ABIE_ESTI;10.659318996;A
A;ES616;2017;ESTA_MEDI_ABIE_ESTI;10.733781362;A
A;ES616;2016;ESTA_MEDI_ABIE_ESTI;11.517958225;A
A;ES616;2015;ESTA_MEDI_ABIE_ESTI;9.993100358;A
A;ES616;2014;ESTA_MEDI_ABIE_ESTI;9.487692012;A
A;ES616;2013;ESTA_MEDI_ABIE_ESTI;11.351583034;A
A;ES616;2012;ESTA_MEDI_ABIE_ESTI;11.083813364;A
A;ES616;2011;ESTA_MEDI_ABIE_ESTI;9.735111225;A
A;ES616;2010;ESTA_MEDI_ABIE_ESTI;11.553363201;A
A;ES616;2009;ESTA_MEDI_ABIE_ESTI;11.763511975;A
A;ES616;2008;ESTA_MEDI_ABIE_ESTI;9.846326165;A
A;ES616;2007;ESTA_MEDI_ABIE_ESTI;9.64281234;A
A;ES617;2020;ESTA_MEDI_ABIE_ESTI;24.653710121;A
A;ES617;2019;ESTA_MEDI_ABIE_ESTI;30.301344086;A
A;ES617;2018;ESTA_MEDI_ABIE_ESTI;28.590949821;A
A;ES617;2017;ESTA_MEDI_ABIE_ESTI;29.49516129;A
A;ES617;2016;ESTA_MEDI_ABIE_ESTI;30.574537037;A
A;ES617;2015;ESTA_MEDI_ABIE_ESTI;28.475070404;A
A;ES617;2014;ESTA_MEDI_ABIE_ESTI;27.929569893;A
A;ES617;2013;ESTA_MEDI_ABIE_ESTI;28.415604198;A
A;ES617;2012;ESTA_MEDI_ABIE_ESTI;27.772670252;A
A;ES617;2011;ESTA_MEDI_ABIE_ESTI;27.245014082;A
A;ES617;2010;ESTA_MEDI_ABIE_ESTI;27.455408346;A
A;ES617;2009;ESTA_MEDI_ABIE_ESTI;26.418625192;A
A;ES617;2008;ESTA_MEDI_ABIE_ESTI;25.606071561;A
A;ES617;2007;ESTA_MEDI_ABIE_ESTI;24.600537633;A
A;ES618;2020;ESTA_MEDI_ABIE_ESTI;2.905669599;A
A;ES618;2019;ESTA_MEDI_ABIE_ESTI;4.525985664;A
A;ES618;2018;ESTA_MEDI_ABIE_ESTI;4.34811828;A
A;ES618;2017;ESTA_MEDI_ABIE_ESTI;4.366039427;A
A;ES618;2016;ESTA_MEDI_ABIE_ESTI;4.059343715;A
A;ES618;2015;ESTA_MEDI_ABIE_ESTI;4.147670251;A
A;ES618;2014;ESTA_MEDI_ABIE_ESTI;4.531848438;A
A;ES618;2013;ESTA_MEDI_ABIE_ESTI;3.788082438;A
A;ES618;2012;ESTA_MEDI_ABIE_ESTI;3.647138796;A
A;ES618;2011;ESTA_MEDI_ABIE_ESTI;3.768010753;A
A;ES618;2010;ESTA_MEDI_ABIE_ESTI;4.681899642;A
A;ES618;2009;ESTA_MEDI_ABIE_ESTI;5.598352535;A
A;ES618;2008;ESTA_MEDI_ABIE_ESTI;7.21275322;A
A;ES618;2007;ESTA_MEDI_ABIE_ESTI;7.607834101;A
A;ES61;2020;ESTA_MEDI_ABIE_ESTI;95.374037788;A
A;ES61;2019;ESTA_MEDI_ABIE_ESTI;122.143171531;A
A;ES61;2018;ESTA_MEDI_ABIE_ESTI;116.818448381;A
A;ES61;2017;ESTA_MEDI_ABIE_ESTI;118.295705323;A
A;ES61;2016;ESTA_MEDI_ABIE_ESTI;124.014114168;A
A;ES61;2015;ESTA_MEDI_ABIE_ESTI;119.238648073;A
A;ES61;2014;ESTA_MEDI_ABIE_ESTI;119.259935651;A
A;ES61;2013;ESTA_MEDI_ABIE_ESTI;121.074803719;A
A;ES61;2012;ESTA_MEDI_ABIE_ESTI;121.525551214;A
A;ES61;2011;ESTA_MEDI_ABIE_ESTI;116.269696771;A
A;ES61;2010;ESTA_MEDI_ABIE_ESTI;120.602238212;A
A;ES61;2009;ESTA_MEDI_ABIE_ESTI;124.051149291;A
A;ES61;2008;ESTA_MEDI_ABIE_ESTI;122.257144172;A
A;ES61;2007;ESTA_MEDI_ABIE_ESTI;121.37828206;A
P;ES611;2021;ESTA_MEDI_ABIE_ESTI;24.123861309;A
P;ES612;2021;ESTA_MEDI_ABIE_ESTI;20.66154007;A
P;ES613;2021;ESTA_MEDI_ABIE_ESTI;5.958448541;A
P;ES614;2021;ESTA_MEDI_ABIE_ESTI;17.882787553;A
P;ES615;2021;ESTA_MEDI_ABIE_ESTI;8.907258065;A
P;ES616;2021;ESTA_MEDI_ABIE_ESTI;7.875656398;A
P;ES617;2021;ESTA_MEDI_ABIE_ESTI;30.025132809;A
P;ES618;2021;ESTA_MEDI_ABIE_ESTI;4.068503584;A
P;ES61;2021;ESTA_MEDI_ABIE_ESTI;119.503188329;A
A;ES611;2020;PLAZ_MEDI_ESTI;7396.32301195;A
A;ES611;2019;PLAZ_MEDI_ESTI;8073.434331798;A
A;ES611;2018;PLAZ_MEDI_ESTI;7900.961994332;A
A;ES611;2017;PLAZ_MEDI_ESTI;7694.272311778;A
A;ES611;2016;PLAZ_MEDI_ESTI;7677.96577682;A
A;ES611;2015;PLAZ_MEDI_ESTI;7744.16397852;A
A;ES611;2014;PLAZ_MEDI_ESTI;8018.5166667;A
A;ES611;2013;PLAZ_MEDI_ESTI;8054.41666663;A
A;ES611;2012;PLAZ_MEDI_ESTI;8005.83333333;A
A;ES611;2011;PLAZ_MEDI_ESTI;8002.6666667;A
A;ES611;2010;PLAZ_MEDI_ESTI;7900.65591401;A
A;ES611;2009;PLAZ_MEDI_ESTI;7873.9333333;A
A;ES611;2008;PLAZ_MEDI_ESTI;7791.060476;A
A;ES611;2007;PLAZ_MEDI_ESTI;8830.51226812;A
A;ES612;2020;PLAZ_MEDI_ESTI;11107.928661615;A
A;ES612;2019;PLAZ_MEDI_ESTI;14997.96701575;A
A;ES612;2018;PLAZ_MEDI_ESTI;14589.7163589;A
A;ES612;2017;PLAZ_MEDI_ESTI;14586.79559569;A
A;ES612;2016;PLAZ_MEDI_ESTI;15170.7815862;A
A;ES612;2015;PLAZ_MEDI_ESTI;14619.92640228;A
A;ES612;2014;PLAZ_MEDI_ESTI;14642.61022608;A
A;ES612;2013;PLAZ_MEDI_ESTI;15507.40241154;A
A;ES612;2012;PLAZ_MEDI_ESTI;15179.88954717;A
A;ES612;2011;PLAZ_MEDI_ESTI;13895.19369801;A
A;ES612;2010;PLAZ_MEDI_ESTI;13886.97642075;A
A;ES612;2009;PLAZ_MEDI_ESTI;13143.677798223;A
A;ES612;2008;PLAZ_MEDI_ESTI;13060.861763053;A
A;ES612;2007;PLAZ_MEDI_ESTI;14143.21693262;A
A;ES613;2020;PLAZ_MEDI_ESTI;2747.596285436;A
A;ES613;2019;PLAZ_MEDI_ESTI;3382.190322581;A
A;ES613;2018;PLAZ_MEDI_ESTI;3362.705376382;A
A;ES613;2017;PLAZ_MEDI_ESTI;3373.99731186;A
A;ES613;2016;PLAZ_MEDI_ESTI;3364.072645567;A
A;ES613;2015;PLAZ_MEDI_ESTI;3298.256720467;A
A;ES613;2014;PLAZ_MEDI_ESTI;3300.938172;A
A;ES613;2013;PLAZ_MEDI_ESTI;3442.672043;A
A;ES613;2012;PLAZ_MEDI_ESTI;3455.9166667;A
A;ES613;2011;PLAZ_MEDI_ESTI;3490.6370968;A
A;ES613;2010;PLAZ_MEDI_ESTI;3518.411290371;A
A;ES613;2009;PLAZ_MEDI_ESTI;3732.8924731;A
A;ES613;2008;PLAZ_MEDI_ESTI;3700.79032261;A
A;ES613;2007;PLAZ_MEDI_ESTI;3766.73157913;A
A;ES614;2020;PLAZ_MEDI_ESTI;5727.687814625;A
A;ES614;2019;PLAZ_MEDI_ESTI;7249.826792673;A
A;ES614;2018;PLAZ_MEDI_ESTI;7296.18279576;A
A;ES614;2017;PLAZ_MEDI_ESTI;7537.8748849;A
A;ES614;2016;PLAZ_MEDI_ESTI;7990.2204301;A
A;ES614;2015;PLAZ_MEDI_ESTI;7813.90887096;A
A;ES614;2014;PLAZ_MEDI_ESTI;7713.1833333;A
A;ES614;2013;PLAZ_MEDI_ESTI;7584.2626192;A
A;ES614;2012;PLAZ_MEDI_ESTI;7522.6123303;A
A;ES614;2011;PLAZ_MEDI_ESTI;7349.6504098;A
A;ES614;2010;PLAZ_MEDI_ESTI;7286.77939061;A
A;ES614;2009;PLAZ_MEDI_ESTI;7219.4041218;A
A;ES614;2008;PLAZ_MEDI_ESTI;7257.91129033;A
A;ES614;2007;PLAZ_MEDI_ESTI;6870.1066308;A
A;ES615;2020;PLAZ_MEDI_ESTI;11227.747996091;A
A;ES615;2019;PLAZ_MEDI_ESTI;15640.404894328;A
A;ES615;2018;PLAZ_MEDI_ESTI;13564.15322584;A
A;ES615;2017;PLAZ_MEDI_ESTI;13064.10578275;A
A;ES615;2016;PLAZ_MEDI_ESTI;15740.81541224;A
A;ES615;2015;PLAZ_MEDI_ESTI;15484.32795703;A
A;ES615;2014;PLAZ_MEDI_ESTI;14585.65129936;A
A;ES615;2013;PLAZ_MEDI_ESTI;14488.05564477;A
A;ES615;2012;PLAZ_MEDI_ESTI;14907.99873691;A
A;ES615;2011;PLAZ_MEDI_ESTI;14537.27711673;A
A;ES615;2010;PLAZ_MEDI_ESTI;19265.6388887;A
A;ES615;2009;PLAZ_MEDI_ESTI;20087.25806456;A
A;ES615;2008;PLAZ_MEDI_ESTI;20101.7473118;A
A;ES615;2007;PLAZ_MEDI_ESTI;19820.6182792;A
A;ES616;2020;PLAZ_MEDI_ESTI;2258.874478851;A
A;ES616;2019;PLAZ_MEDI_ESTI;3702.648476703;A
A;ES616;2018;PLAZ_MEDI_ESTI;3697.02652329;A
A;ES616;2017;PLAZ_MEDI_ESTI;3677.60591403;A
A;ES616;2016;PLAZ_MEDI_ESTI;3948.91935843;A
A;ES616;2015;PLAZ_MEDI_ESTI;4288.864785;A
A;ES616;2014;PLAZ_MEDI_ESTI;4092.10144112;A
A;ES616;2013;PLAZ_MEDI_ESTI;4605.0722931;A
A;ES616;2012;PLAZ_MEDI_ESTI;4510.59887622;A
A;ES616;2011;PLAZ_MEDI_ESTI;3961.61662205;A
A;ES616;2010;PLAZ_MEDI_ESTI;4164.87568157;A
A;ES616;2009;PLAZ_MEDI_ESTI;4380.08465157;A
A;ES616;2008;PLAZ_MEDI_ESTI;4162.27500261;A
A;ES616;2007;PLAZ_MEDI_ESTI;4267.8593318;A
A;ES617;2020;PLAZ_MEDI_ESTI;13170.160505126;A
A;ES617;2019;PLAZ_MEDI_ESTI;15635.003584229;A
A;ES617;2018;PLAZ_MEDI_ESTI;15688.68100353;A
A;ES617;2017;PLAZ_MEDI_ESTI;15290.76075276;A
A;ES617;2016;PLAZ_MEDI_ESTI;15603.76172197;A
A;ES617;2015;PLAZ_MEDI_ESTI;15057.27700339;A
A;ES617;2014;PLAZ_MEDI_ESTI;15427.91155917;A
A;ES617;2013;PLAZ_MEDI_ESTI;15678.25810637;A
A;ES617;2012;PLAZ_MEDI_ESTI;15222.16711462;A
A;ES617;2011;PLAZ_MEDI_ESTI;15010.84771752;A
A;ES617;2010;PLAZ_MEDI_ESTI;14777.83474138;A
A;ES617;2009;PLAZ_MEDI_ESTI;14804.85038402;A
A;ES617;2008;PLAZ_MEDI_ESTI;14225.62933204;A
A;ES617;2007;PLAZ_MEDI_ESTI;13846.01389335;A
A;ES618;2020;PLAZ_MEDI_ESTI;1210.364596545;A
A;ES618;2019;PLAZ_MEDI_ESTI;2211.02688172;A
A;ES618;2018;PLAZ_MEDI_ESTI;2015.7150538;A
A;ES618;2017;PLAZ_MEDI_ESTI;1921.02956993;A
A;ES618;2016;PLAZ_MEDI_ESTI;1610.1110691;A
A;ES618;2015;PLAZ_MEDI_ESTI;1658.87798257;A
A;ES618;2014;PLAZ_MEDI_ESTI;1911.68133951;A
A;ES618;2013;PLAZ_MEDI_ESTI;1255.07795698;A
A;ES618;2012;PLAZ_MEDI_ESTI;1270.28689287;A
A;ES618;2011;PLAZ_MEDI_ESTI;1270.67795699;A
A;ES618;2010;PLAZ_MEDI_ESTI;1310.00906556;A
A;ES618;2009;PLAZ_MEDI_ESTI;1568.56075968;A
A;ES618;2008;PLAZ_MEDI_ESTI;2898.63752535;A
A;ES618;2007;PLAZ_MEDI_ESTI;3168.77042535;A
A;ES61;2020;PLAZ_MEDI_ESTI;54846.683350239;A
A;ES61;2019;PLAZ_MEDI_ESTI;70892.502299782;A
A;ES61;2018;PLAZ_MEDI_ESTI;68115.142331834;A
A;ES61;2017;PLAZ_MEDI_ESTI;67146.442123698;A
A;ES61;2016;PLAZ_MEDI_ESTI;71106.648000427;A
A;ES61;2015;PLAZ_MEDI_ESTI;69965.603700217;A
A;ES61;2014;PLAZ_MEDI_ESTI;69692.59403724;A
A;ES61;2013;PLAZ_MEDI_ESTI;70615.21774159;A
A;ES61;2012;PLAZ_MEDI_ESTI;70075.30349812;A
A;ES61;2011;PLAZ_MEDI_ESTI;67518.5672846;A
A;ES61;2010;PLAZ_MEDI_ESTI;72111.181392951;A
A;ES61;2009;PLAZ_MEDI_ESTI;72810.661586253;A
A;ES61;2008;PLAZ_MEDI_ESTI;73198.913023793;A
A;ES61;2007;PLAZ_MEDI_ESTI;74713.82934037;A
P;ES611;2021;PLAZ_MEDI_ESTI;9373.793246712;A
P;ES612;2021;PLAZ_MEDI_ESTI;14301.969497566;A
P;ES613;2021;PLAZ_MEDI_ESTI;2739.221368287;A
P;ES614;2021;PLAZ_MEDI_ESTI;6451.561514178;A
P;ES615;2021;PLAZ_MEDI_ESTI;13867.127265956;A
P;ES616;2021;PLAZ_MEDI_ESTI;2943.856317657;A
P;ES617;2021;PLAZ_MEDI_ESTI;15403.437564855;A
P;ES618;2021;PLAZ_MEDI_ESTI;1539.060944045;A
P;ES61;2021;PLAZ_MEDI_ESTI;66620.027719256;A
A;ES611;2020;PARC_MEDI_ESTI;2402.568975706;A
A;ES611;2019;PARC_MEDI_ESTI;2667.498656304;A
A;ES611;2018;PARC_MEDI_ESTI;2654.724846157;A
A;ES611;2017;PARC_MEDI_ESTI;2589.967580406;A
A;ES611;2016;PARC_MEDI_ESTI;2565.122563257;A
A;ES611;2015;PARC_MEDI_ESTI;2498.67058895;A
A;ES611;2014;PARC_MEDI_ESTI;2550.50000487;A
A;ES611;2013;PARC_MEDI_ESTI;2637.95471262;A
A;ES611;2012;PARC_MEDI_ESTI;2624.63751229;A
A;ES611;2011;PARC_MEDI_ESTI;2585.44411435;A
A;ES611;2010;PARC_MEDI_ESTI;2576.08998473;A
A;ES611;2009;PARC_MEDI_ESTI;2595.167785143;A
A;ES611;2008;PARC_MEDI_ESTI;2509.18629999;A
A;ES611;2007;PARC_MEDI_ESTI;2892.849994744;A
A;ES612;2020;PARC_MEDI_ESTI;3597.09380268;A
A;ES612;2019;PARC_MEDI_ESTI;4944.534413512;A
A;ES612;2018;PARC_MEDI_ESTI;4941.40127489;A
A;ES612;2017;PARC_MEDI_ESTI;5059.9626873;A
A;ES612;2016;PARC_MEDI_ESTI;5287.66004225;A
A;ES612;2015;PARC_MEDI_ESTI;5088.13377991;A
A;ES612;2014;PARC_MEDI_ESTI;5060.31562222;A
A;ES612;2013;PARC_MEDI_ESTI;5124.23994393;A
A;ES612;2012;PARC_MEDI_ESTI;5051.863261934;A
A;ES612;2011;PARC_MEDI_ESTI;4642.037920921;A
A;ES612;2010;PARC_MEDI_ESTI;4665.378721357;A
A;ES612;2009;PARC_MEDI_ESTI;4569.984156624;A
A;ES612;2008;PARC_MEDI_ESTI;4625.826480832;A
A;ES612;2007;PARC_MEDI_ESTI;5032.225498844;A
A;ES613;2020;PARC_MEDI_ESTI;953.571914086;A
A;ES613;2019;PARC_MEDI_ESTI;1121.409189845;A
A;ES613;2018;PARC_MEDI_ESTI;1110.965728963;A
A;ES613;2017;PARC_MEDI_ESTI;1113.92650537;A
A;ES613;2016;PARC_MEDI_ESTI;1108.98824237;A
A;ES613;2015;PARC_MEDI_ESTI;1089.96614704;A
A;ES613;2014;PARC_MEDI_ESTI;1085.02139152;A
A;ES613;2013;PARC_MEDI_ESTI;1082.18951613;A
A;ES613;2012;PARC_MEDI_ESTI;1084.250000003;A
A;ES613;2011;PARC_MEDI_ESTI;1096.76344086;A
A;ES613;2010;PARC_MEDI_ESTI;1109.439772146;A
A;ES613;2009;PARC_MEDI_ESTI;1486.38396624;A
A;ES613;2008;PARC_MEDI_ESTI;1530.57373758;A
A;ES613;2007;PARC_MEDI_ESTI;1963.00988171;A
A;ES614;2020;PARC_MEDI_ESTI;2153.844604543;A
A;ES614;2019;PARC_MEDI_ESTI;2667.234117906;A
A;ES614;2018;PARC_MEDI_ESTI;2636.694474644;A
A;ES614;2017;PARC_MEDI_ESTI;2605.31300847;A
A;ES614;2016;PARC_MEDI_ESTI;2767.90219532;A
A;ES614;2015;PARC_MEDI_ESTI;2645.01436774;A
A;ES614;2014;PARC_MEDI_ESTI;2528.23427983;A
A;ES614;2013;PARC_MEDI_ESTI;2521.81907578;A
A;ES614;2012;PARC_MEDI_ESTI;2630.44193889;A
A;ES614;2011;PARC_MEDI_ESTI;2580.567741274;A
A;ES614;2010;PARC_MEDI_ESTI;2542.318484982;A
A;ES614;2009;PARC_MEDI_ESTI;2557.856780226;A
A;ES614;2008;PARC_MEDI_ESTI;2513.269428816;A
A;ES614;2007;PARC_MEDI_ESTI;2425.068193103;A
A;ES615;2020;PARC_MEDI_ESTI;3049.166920929;A
A;ES615;2019;PARC_MEDI_ESTI;4304.275053443;A
A;ES615;2018;PARC_MEDI_ESTI;3641.597501737;A
A;ES615;2017;PARC_MEDI_ESTI;3561.597558169;A
A;ES615;2016;PARC_MEDI_ESTI;4589.756170279;A
A;ES615;2015;PARC_MEDI_ESTI;4629.439673575;A
A;ES615;2014;PARC_MEDI_ESTI;4358.0993542;A
A;ES615;2013;PARC_MEDI_ESTI;4317.37381835;A
A;ES615;2012;PARC_MEDI_ESTI;4478.12184323;A
A;ES615;2011;PARC_MEDI_ESTI;4391.875090302;A
A;ES615;2010;PARC_MEDI_ESTI;5630.7028442;A
A;ES615;2009;PARC_MEDI_ESTI;5831.03552722;A
A;ES615;2008;PARC_MEDI_ESTI;5843.980764004;A
A;ES615;2007;PARC_MEDI_ESTI;5755.060165533;A
A;ES616;2020;PARC_MEDI_ESTI;820.807798281;A
A;ES616;2019;PARC_MEDI_ESTI;1369.215715076;A
A;ES616;2018;PARC_MEDI_ESTI;1345.59598398;A
A;ES616;2017;PARC_MEDI_ESTI;1361.98476104;A
A;ES616;2016;PARC_MEDI_ESTI;1511.83303885;A
A;ES616;2015;PARC_MEDI_ESTI;1541.492166;A
A;ES616;2014;PARC_MEDI_ESTI;1433.25759764;A
A;ES616;2013;PARC_MEDI_ESTI;1540.90992037;A
A;ES616;2012;PARC_MEDI_ESTI;1506.27640974;A
A;ES616;2011;PARC_MEDI_ESTI;1296.35610418;A
A;ES616;2010;PARC_MEDI_ESTI;1407.70368583;A
A;ES616;2009;PARC_MEDI_ESTI;1429.12899009;A
A;ES616;2008;PARC_MEDI_ESTI;1449.98316301;A
A;ES616;2007;PARC_MEDI_ESTI;1482.81855806;A
A;ES617;2020;PARC_MEDI_ESTI;4064.62397091;A
A;ES617;2019;PARC_MEDI_ESTI;4871.59253986;A
A;ES617;2018;PARC_MEDI_ESTI;4871.100686407;A
A;ES617;2017;PARC_MEDI_ESTI;4759.95425778;A
A;ES617;2016;PARC_MEDI_ESTI;4833.310022312;A
A;ES617;2015;PARC_MEDI_ESTI;4618.32511372;A
A;ES617;2014;PARC_MEDI_ESTI;4713.56312427;A
A;ES617;2013;PARC_MEDI_ESTI;4787.73745415;A
A;ES617;2012;PARC_MEDI_ESTI;4647.814173497;A
A;ES617;2011;PARC_MEDI_ESTI;4552.40149288;A
A;ES617;2010;PARC_MEDI_ESTI;4493.292629268;A
A;ES617;2009;PARC_MEDI_ESTI;4479.999617567;A
A;ES617;2008;PARC_MEDI_ESTI;4254.682054077;A
A;ES617;2007;PARC_MEDI_ESTI;4095.50098908;A
A;ES618;2020;PARC_MEDI_ESTI;421.274613897;A
A;ES618;2019;PARC_MEDI_ESTI;775.953774326;A
A;ES618;2018;PARC_MEDI_ESTI;679.86716003;A
A;ES618;2017;PARC_MEDI_ESTI;651.52309452;A
A;ES618;2016;PARC_MEDI_ESTI;514.66380297;A
A;ES618;2015;PARC_MEDI_ESTI;544.27716326;A
A;ES618;2014;PARC_MEDI_ESTI;627.82908618;A
A;ES618;2013;PARC_MEDI_ESTI;403.25680682;A
A;ES618;2012;PARC_MEDI_ESTI;396.12598077;A
A;ES618;2011;PARC_MEDI_ESTI;393.85022049;A
A;ES618;2010;PARC_MEDI_ESTI;449.56143034;A
A;ES618;2009;PARC_MEDI_ESTI;541.460713846;A
A;ES618;2008;PARC_MEDI_ESTI;1100.17402269;A
A;ES618;2007;PARC_MEDI_ESTI;1165.546638455;A
A;ES61;2020;PARC_MEDI_ESTI;17462.952601032;A
A;ES61;2019;PARC_MEDI_ESTI;22721.713460272;A
A;ES61;2018;PARC_MEDI_ESTI;21881.947656808;A
A;ES61;2017;PARC_MEDI_ESTI;21704.229453055;A
A;ES61;2016;PARC_MEDI_ESTI;23179.236077608;A
A;ES61;2015;PARC_MEDI_ESTI;22655.319000195;A
A;ES61;2014;PARC_MEDI_ESTI;22356.82046073;A
A;ES61;2013;PARC_MEDI_ESTI;22415.48124815;A
A;ES61;2012;PARC_MEDI_ESTI;22419.531120354;A
A;ES61;2011;PARC_MEDI_ESTI;21539.296125257;A
A;ES61;2010;PARC_MEDI_ESTI;22874.487552853;A
A;ES61;2009;PARC_MEDI_ESTI;23491.017536956;A
A;ES61;2008;PARC_MEDI_ESTI;23827.675950999;A
A;ES61;2007;PARC_MEDI_ESTI;24812.079919529;A
P;ES611;2021;PARC_MEDI_ESTI;3010.625885348;A
P;ES612;2021;PARC_MEDI_ESTI;4647.725789536;A
P;ES613;2021;PARC_MEDI_ESTI;968.599343377;A
P;ES614;2021;PARC_MEDI_ESTI;2399.346863843;A
P;ES615;2021;PARC_MEDI_ESTI;3762.334561017;A
P;ES616;2021;PARC_MEDI_ESTI;1087.975144212;A
P;ES617;2021;PARC_MEDI_ESTI;4723.621565063;A
P;ES618;2021;PARC_MEDI_ESTI;522.092126115;A
P;ES61;2021;PARC_MEDI_ESTI;21122.321278511;A
A;ES611;2020;PARC_OCUP;248141.067788688;A
A;ES611;2019;PARC_OCUP;298326.522184508;A
A;ES611;2018;PARC_OCUP;293512.294586;A
A;ES611;2017;PARC_OCUP;257816.037338;A
A;ES611;2016;PARC_OCUP;242585.765056;A
A;ES611;2015;PARC_OCUP;266388.8896995;A
A;ES611;2014;PARC_OCUP;251656.2022571;A
A;ES611;2013;PARC_OCUP;244977.5306758;A
A;ES611;2012;PARC_OCUP;232723.7101208;A
A;ES611;2011;PARC_OCUP;255714.7447065;A
A;ES611;2010;PARC_OCUP;249160.141342;A
A;ES611;2009;PARC_OCUP;235547.5535555;A
A;ES611;2008;PARC_OCUP;261548.1882275;A
A;ES611;2007;PARC_OCUP;252593.2267109;A
A;ES612;2020;PARC_OCUP;331988.235056173;A
A;ES612;2019;PARC_OCUP;489938.825131085;A
A;ES612;2018;PARC_OCUP;468519.38825;A
A;ES612;2017;PARC_OCUP;480052.885898;A
A;ES612;2016;PARC_OCUP;465041.63571;A
A;ES612;2015;PARC_OCUP;462902.5915893;A
A;ES612;2014;PARC_OCUP;437241.5289316;A
A;ES612;2013;PARC_OCUP;416531.7520982;A
A;ES612;2012;PARC_OCUP;410322.17275;A
A;ES612;2011;PARC_OCUP;414920.108076;A
A;ES612;2010;PARC_OCUP;400062.294569;A
A;ES612;2009;PARC_OCUP;411643.286658;A
A;ES612;2008;PARC_OCUP;413270.6114141;A
A;ES612;2007;PARC_OCUP;462034.531507;A
A;ES613;2020;PARC_OCUP;35176.0;A
A;ES613;2019;PARC_OCUP;64383.101018011;A
A;ES613;2018;PARC_OCUP;64303.461831;A
A;ES613;2017;PARC_OCUP;64021.931344;A
A;ES613;2016;PARC_OCUP;64336.553499;A
A;ES613;2015;PARC_OCUP;67919.0;A
A;ES613;2014;PARC_OCUP;66649.521545;A
A;ES613;2013;PARC_OCUP;67519.0;A
A;ES613;2012;PARC_OCUP;70739.0;A
A;ES613;2011;PARC_OCUP;77112.0;A
A;ES613;2010;PARC_OCUP;79804.85964344;A
A;ES613;2009;PARC_OCUP;74762.91139241;A
A;ES613;2008;PARC_OCUP;78539.5982645;A
A;ES613;2007;PARC_OCUP;81392.4699971;A
A;ES614;2020;PARC_OCUP;168580.738838976;A
A;ES614;2019;PARC_OCUP;262552.231694401;A
A;ES614;2018;PARC_OCUP;230888.5113687;A
A;ES614;2017;PARC_OCUP;235316.155834;A
A;ES614;2016;PARC_OCUP;222663.104361;A
A;ES614;2015;PARC_OCUP;197947.535955;A
A;ES614;2014;PARC_OCUP;162080.125573;A
A;ES614;2013;PARC_OCUP;158211.041137;A
A;ES614;2012;PARC_OCUP;173316.13184;A
A;ES614;2011;PARC_OCUP;186467.9410732;A
A;ES614;2010;PARC_OCUP;198453.181184;A
A;ES614;2009;PARC_OCUP;218820.854544;A
A;ES614;2008;PARC_OCUP;227952.944336;A
A;ES614;2007;PARC_OCUP;200864.946359;A
A;ES615;2020;PARC_OCUP;262645.907678368;A
A;ES615;2019;PARC_OCUP;394970.247596264;A
A;ES615;2018;PARC_OCUP;332815.73072;A
A;ES615;2017;PARC_OCUP;311095.48693;A
A;ES615;2016;PARC_OCUP;411535.58906;A
A;ES615;2015;PARC_OCUP;396562.401418;A
A;ES615;2014;PARC_OCUP;390558.0262;A
A;ES615;2013;PARC_OCUP;372186.814193;A
A;ES615;2012;PARC_OCUP;331334.522779;A
A;ES615;2011;PARC_OCUP;330729.074218;A
A;ES615;2010;PARC_OCUP;399945.36664;A
A;ES615;2009;PARC_OCUP;409127.83159;A
A;ES615;2008;PARC_OCUP;397733.4837741;A
A;ES615;2007;PARC_OCUP;409166.31205;A
A;ES616;2020;PARC_OCUP;58210.584171793;A
A;ES616;2019;PARC_OCUP;76498.033433428;A
A;ES616;2018;PARC_OCUP;76843.0;A
A;ES616;2017;PARC_OCUP;73632.0;A
A;ES616;2016;PARC_OCUP;74935.5658387;A
A;ES616;2015;PARC_OCUP;72075.494898;A
A;ES616;2014;PARC_OCUP;67995.4149262;A
A;ES616;2013;PARC_OCUP;66383.722938;A
A;ES616;2012;PARC_OCUP;66039.0;A
A;ES616;2011;PARC_OCUP;65749.0;A
A;ES616;2010;PARC_OCUP;74315.0;A
A;ES616;2009;PARC_OCUP;79205.996779;A
A;ES616;2008;PARC_OCUP;79154.0;A
A;ES616;2007;PARC_OCUP;82995.0;A
A;ES617;2020;PARC_OCUP;456654.331537629;A
A;ES617;2019;PARC_OCUP;723131.828507824;A
A;ES617;2018;PARC_OCUP;707897.09582;A
A;ES617;2017;PARC_OCUP;695557.076531;A
A;ES617;2016;PARC_OCUP;652223.2317694;A
A;ES617;2015;PARC_OCUP;612571.01691;A
A;ES617;2014;PARC_OCUP;591800.0148826;A
A;ES617;2013;PARC_OCUP;574518.0056798;A
A;ES617;2012;PARC_OCUP;560549.709564;A
A;ES617;2011;PARC_OCUP;585450.095202;A
A;ES617;2010;PARC_OCUP;590623.4987906;A
A;ES617;2009;PARC_OCUP;622260.41083;A
A;ES617;2008;PARC_OCUP;614237.4471993;A
A;ES617;2007;PARC_OCUP;555255.977274;A
A;ES618;2020;PARC_OCUP;35026.761699346;A
A;ES618;2019;PARC_OCUP;62470.972962797;A
A;ES618;2018;PARC_OCUP;55247.93509;A
A;ES618;2017;PARC_OCUP;55334.555562;A
A;ES618;2016;PARC_OCUP;50380.917456;A
A;ES618;2015;PARC_OCUP;51581.339444;A
A;ES618;2014;PARC_OCUP;50606.461184;A
A;ES618;2013;PARC_OCUP;43116.792427;A
A;ES618;2012;PARC_OCUP;27540.2707666;A
A;ES618;2011;PARC_OCUP;31025.8906897;A
A;ES618;2010;PARC_OCUP;32156.2226352;A
A;ES618;2009;PARC_OCUP;50700.9974122;A
A;ES618;2008;PARC_OCUP;102953.320476;A
A;ES618;2007;PARC_OCUP;110917.5133258;A
A;ES61;2020;PARC_OCUP;1596423.626770973;A
A;ES61;2019;PARC_OCUP;2372271.762528318;A
A;ES61;2018;PARC_OCUP;2230027.4176657;A
A;ES61;2017;PARC_OCUP;2172826.129437;A
A;ES61;2016;PARC_OCUP;2183702.3627501;A
A;ES61;2015;PARC_OCUP;2127948.2699138;A
A;ES61;2014;PARC_OCUP;2018587.2954995;A
A;ES61;2013;PARC_OCUP;1943444.6591488;A
A;ES61;2012;PARC_OCUP;1872564.5178204;A
A;ES61;2011;PARC_OCUP;1947168.8539654;A
A;ES61;2010;PARC_OCUP;2024520.56480424;A
A;ES61;2009;PARC_OCUP;2102069.84276111;A
A;ES61;2008;PARC_OCUP;2175389.5936915;A
A;ES61;2007;PARC_OCUP;2155219.9772238;A
P;ES611;2021;PARC_OCUP;360874.778009074;A
P;ES612;2021;PARC_OCUP;533655.971630922;A
P;ES613;2021;PARC_OCUP;47070.808222638;A
P;ES614;2021;PARC_OCUP;219961.346300895;A
P;ES615;2021;PARC_OCUP;395447.923426544;A
P;ES616;2021;PARC_OCUP;80154.661503907;A
P;ES617;2021;PARC_OCUP;638292.635129723;A
P;ES618;2021;PARC_OCUP;51486.511710366;A
P;ES61;2021;PARC_OCUP;2326944.635934069;A
A;ES611;2020;GRAD_OCUP_PARC;30.777599237063743;A
A;ES611;2019;GRAD_OCUP_PARC;30.686663592274083;A
A;ES611;2018;GRAD_OCUP_PARC;30.30863186417835;A
A;ES611;2017;GRAD_OCUP_PARC;27.287723039240202;A
A;ES611;2016;GRAD_OCUP_PARC;25.80779219624267;A
A;ES611;2015;GRAD_OCUP_PARC;29.21673054012997;A
A;ES611;2014;GRAD_OCUP_PARC;27.045592724676716;A
A;ES611;2013;GRAD_OCUP_PARC;25.445096946768217;A
A;ES611;2012;GRAD_OCUP_PARC;24.22500928882737;A
A;ES611;2011;GRAD_OCUP_PARC;27.108597474937334;A
A;ES611;2010;GRAD_OCUP_PARC;26.5164654615741;A
A;ES611;2009;GRAD_OCUP_PARC;24.8458219581348;A
A;ES611;2008;GRAD_OCUP_PARC;28.424571062118524;A
A;ES611;2007;GRAD_OCUP_PARC;23.902484333401823;A
A;ES612;2020;GRAD_OCUP_PARC;27.400560106234508;A
A;ES612;2019;GRAD_OCUP_PARC;27.01259994555802;A
A;ES612;2018;GRAD_OCUP_PARC;25.845864506610635;A
A;ES612;2017;GRAD_OCUP_PARC;25.89795717583137;A
A;ES612;2016;GRAD_OCUP_PARC;23.937671207080903;A
A;ES612;2015;GRAD_OCUP_PARC;24.79974499605865;A
A;ES612;2014;GRAD_OCUP_PARC;23.551788081510033;A
A;ES612;2013;GRAD_OCUP_PARC;22.16469858836328;A
A;ES612;2012;GRAD_OCUP_PARC;22.1105886149872;A
A;ES612;2011;GRAD_OCUP_PARC;24.360353493537193;A
A;ES612;2010;GRAD_OCUP_PARC;23.351384163035785;A
A;ES612;2009;GRAD_OCUP_PARC;24.537546555817546;A
A;ES612;2008;GRAD_OCUP_PARC;24.304807962230008;A
A;ES612;2007;GRAD_OCUP_PARC;25.026965895254726;A
A;ES613;2020;GRAD_OCUP_PARC;10.959999999996267;A
A;ES613;2019;GRAD_OCUP_PARC;15.70507922954358;A
A;ES613;2018;GRAD_OCUP_PARC;15.829676613665999;A
A;ES613;2017;GRAD_OCUP_PARC;15.710788012754941;A
A;ES613;2016;GRAD_OCUP_PARC;15.830407022568549;A
A;ES613;2015;GRAD_OCUP_PARC;17.034593328033534;A
A;ES613;2014;GRAD_OCUP_PARC;16.795580770671;A
A;ES613;2013;GRAD_OCUP_PARC;17.06051627603472;A
A;ES613;2012;GRAD_OCUP_PARC;17.811826147223027;A
A;ES613;2011;GRAD_OCUP_PARC;19.237983308696297;A
A;ES613;2010;GRAD_OCUP_PARC;19.654363102101286;A
A;ES613;2009;GRAD_OCUP_PARC;13.766521653474317;A
A;ES613;2008;GRAD_OCUP_PARC;13.995847508490478;A
A;ES613;2007;GRAD_OCUP_PARC;11.358348472518756;A
A;ES614;2020;GRAD_OCUP_PARC;24.150000000006756;A
A;ES614;2019;GRAD_OCUP_PARC;26.954237617265548;A
A;ES614;2018;GRAD_OCUP_PARC;23.94198095333869;A
A;ES614;2017;GRAD_OCUP_PARC;24.728722548987673;A
A;ES614;2016;GRAD_OCUP_PARC;21.961637140096734;A
A;ES614;2015;GRAD_OCUP_PARC;20.47455330215332;A
A;ES614;2014;GRAD_OCUP_PARC;17.55172436375469;A
A;ES614;2013;GRAD_OCUP_PARC;17.16278533449273;A
A;ES614;2012;GRAD_OCUP_PARC;17.988545194906408;A
A;ES614;2011;GRAD_OCUP_PARC;19.773712090525972;A
A;ES614;2010;GRAD_OCUP_PARC;21.35189378543945;A
A;ES614;2009;GRAD_OCUP_PARC;23.409229113830023;A
A;ES614;2008;GRAD_OCUP_PARC;24.747246888194052;A
A;ES614;2007;GRAD_OCUP_PARC;22.63623629715821;A
A;ES615;2020;GRAD_OCUP_PARC;25.70000000000974;A
A;ES615;2019;GRAD_OCUP_PARC;25.08018007891711;A
A;ES615;2018;GRAD_OCUP_PARC;24.94018918388946;A
A;ES615;2017;GRAD_OCUP_PARC;23.93647017523442;A
A;ES615;2016;GRAD_OCUP_PARC;24.46909416949553;A
A;ES615;2015;GRAD_OCUP_PARC;23.41932830518902;A
A;ES615;2014;GRAD_OCUP_PARC;24.48843587425527;A
A;ES615;2013;GRAD_OCUP_PARC;23.55481763542668;A
A;ES615;2012;GRAD_OCUP_PARC;20.20517144011814;A
A;ES615;2011;GRAD_OCUP_PARC;20.59609030897552;A
A;ES615;2010;GRAD_OCUP_PARC;19.41057563030543;A
A;ES615;2009;GRAD_OCUP_PARC;19.165690666556547;A
A;ES615;2008;GRAD_OCUP_PARC;18.551508951138256;A
A;ES615;2007;GRAD_OCUP_PARC;19.423417150678446;A
A;ES616;2020;GRAD_OCUP_PARC;21.019997544727733;A
A;ES616;2019;GRAD_OCUP_PARC;15.213935087181452;A
A;ES616;2018;GRAD_OCUP_PARC;15.540751332021525;A
A;ES616;2017;GRAD_OCUP_PARC;14.740131598660666;A
A;ES616;2016;GRAD_OCUP_PARC;13.468876154200998;A
A;ES616;2015;GRAD_OCUP_PARC;12.733727769875673;A
A;ES616;2014;GRAD_OCUP_PARC;12.928781300648204;A
A;ES616;2013;GRAD_OCUP_PARC;11.739851428016154;A
A;ES616;2012;GRAD_OCUP_PARC;11.935905590464193;A
A;ES616;2011;GRAD_OCUP_PARC;13.821182436853158;A
A;ES616;2010;GRAD_OCUP_PARC;14.37702967893919;A
A;ES616;2009;GRAD_OCUP_PARC;15.09701774159047;A
A;ES616;2008;GRAD_OCUP_PARC;14.837227293432804;A
A;ES616;2007;GRAD_OCUP_PARC;15.231648192580892;A
A;ES617;2020;GRAD_OCUP_PARC;33.49141889891202;A
A;ES617;2019;GRAD_OCUP_PARC;40.67247032272123;A
A;ES617;2018;GRAD_OCUP_PARC;39.81105933330874;A
A;ES617;2017;GRAD_OCUP_PARC;40.02940412612605;A
A;ES617;2016;GRAD_OCUP_PARC;36.84383836817425;A
A;ES617;2015;GRAD_OCUP_PARC;36.33084450867498;A
A;ES617;2014;GRAD_OCUP_PARC;34.40553131289104;A
A;ES617;2013;GRAD_OCUP_PARC;32.86734919420038;A
A;ES617;2012;GRAD_OCUP_PARC;32.94904483074722;A
A;ES617;2011;GRAD_OCUP_PARC;35.219183579251656;A
A;ES617;2010;GRAD_OCUP_PARC;35.99473793777552;A
A;ES617;2009;GRAD_OCUP_PARC;38.04078545698029;A
A;ES617;2008;GRAD_OCUP_PARC;39.41217355614071;A
A;ES617;2007;GRAD_OCUP_PARC;37.13570367559961;A
A;ES618;2020;GRAD_OCUP_PARC;19.23000000000164;A
A;ES618;2019;GRAD_OCUP_PARC;22.011336302098204;A
A;ES618;2018;GRAD_OCUP_PARC;22.2193169980933;A
A;ES618;2017;GRAD_OCUP_PARC;23.212430832619937;A
A;ES618;2016;GRAD_OCUP_PARC;26.699756970087503;A
A;ES618;2015;GRAD_OCUP_PARC;25.921543463069018;A
A;ES618;2014;GRAD_OCUP_PARC;22.033335740889836;A
A;ES618;2013;GRAD_OCUP_PARC;29.16069510427117;A
A;ES618;2012;GRAD_OCUP_PARC;18.94865236006368;A
A;ES618;2011;GRAD_OCUP_PARC;21.53439038969725;A
A;ES618;2010;GRAD_OCUP_PARC;19.53830019527471;A
A;ES618;2009;GRAD_OCUP_PARC;25.644405694868638;A
A;ES618;2008;GRAD_OCUP_PARC;25.532452767079253;A
A;ES618;2007;GRAD_OCUP_PARC;25.924202416261;A
A;ES61;2020;GRAD_OCUP_PARC;27.19026380715462;A
A;ES61;2019;GRAD_OCUP_PARC;28.559865538985797;A
A;ES61;2018;GRAD_OCUP_PARC;27.861018505018777;A
A;ES61;2017;GRAD_OCUP_PARC;27.397112518074756;A
A;ES61;2016;GRAD_OCUP_PARC;25.695703437029284;A
A;ES61;2015;GRAD_OCUP_PARC;25.682864504716346;A
A;ES61;2014;GRAD_OCUP_PARC;24.691204433065767;A
A;ES61;2013;GRAD_OCUP_PARC;23.704549847014523;A
A;ES61;2012;GRAD_OCUP_PARC;22.793470369917625;A
A;ES61;2011;GRAD_OCUP_PARC;24.721429344959645;A
A;ES61;2010;GRAD_OCUP_PARC;24.19257851908003;A
A;ES61;2009;GRAD_OCUP_PARC;24.460184354157217;A
A;ES61;2008;GRAD_OCUP_PARC;24.890188430649474;A
A;ES61;2007;GRAD_OCUP_PARC;23.736522271374014;A
P;ES611;2021;GRAD_OCUP_PARC;32.72864598991928;A
P;ES612;2021;GRAD_OCUP_PARC;31.24338787897746;A
P;ES613;2021;GRAD_OCUP_PARC;13.282806763763604;A
P;ES614;2021;GRAD_OCUP_PARC;25.01898761433144;A
P;ES615;2021;GRAD_OCUP_PARC;28.67974579313933;A
P;ES616;2021;GRAD_OCUP_PARC;20.02530628526899;A
P;ES617;2021;GRAD_OCUP_PARC;36.925717145334794;A
P;ES618;2021;GRAD_OCUP_PARC;26.04759366743931;A
P;ES61;2021;GRAD_OCUP_PARC;30.032283814119037;A
A;ES611;2020;GRAD_OCUP_PARC_FIN_SEMA;30.370000000001603;A
A;ES611;2019;GRAD_OCUP_PARC_FIN_SEMA;33.972549493315285;A
A;ES611;2018;GRAD_OCUP_PARC_FIN_SEMA;30.826420052721463;A
A;ES611;2017;GRAD_OCUP_PARC_FIN_SEMA;30.951365341515697;A
A;ES611;2016;GRAD_OCUP_PARC_FIN_SEMA;29.07192535917982;A
A;ES611;2015;GRAD_OCUP_PARC_FIN_SEMA;30.479334282614996;A
A;ES611;2014;GRAD_OCUP_PARC_FIN_SEMA;30.034932392150523;A
A;ES611;2013;GRAD_OCUP_PARC_FIN_SEMA;28.174731336899377;A
A;ES611;2012;GRAD_OCUP_PARC_FIN_SEMA;25.353402274221366;A
A;ES611;2011;GRAD_OCUP_PARC_FIN_SEMA;27.56151527272318;A
A;ES611;2010;GRAD_OCUP_PARC_FIN_SEMA;28.39519078479654;A
A;ES611;2009;GRAD_OCUP_PARC_FIN_SEMA;27.304864007416285;A
A;ES611;2008;GRAD_OCUP_PARC_FIN_SEMA;28.19063999588013;A
A;ES611;2007;GRAD_OCUP_PARC_FIN_SEMA;27.262688789905646;A
A;ES612;2020;GRAD_OCUP_PARC_FIN_SEMA;31.659999999998647;A
A;ES612;2019;GRAD_OCUP_PARC_FIN_SEMA;32.83841507803898;A
A;ES612;2018;GRAD_OCUP_PARC_FIN_SEMA;30.91047929190711;A
A;ES612;2017;GRAD_OCUP_PARC_FIN_SEMA;32.286391575566064;A
A;ES612;2016;GRAD_OCUP_PARC_FIN_SEMA;28.89016647032635;A
A;ES612;2015;GRAD_OCUP_PARC_FIN_SEMA;29.119917931644327;A
A;ES612;2014;GRAD_OCUP_PARC_FIN_SEMA;27.914763628337255;A
A;ES612;2013;GRAD_OCUP_PARC_FIN_SEMA;24.50118448734112;A
A;ES612;2012;GRAD_OCUP_PARC_FIN_SEMA;25.38672791893496;A
A;ES612;2011;GRAD_OCUP_PARC_FIN_SEMA;29.948124405882044;A
A;ES612;2010;GRAD_OCUP_PARC_FIN_SEMA;29.161935617568297;A
A;ES612;2009;GRAD_OCUP_PARC_FIN_SEMA;31.159165922469914;A
A;ES612;2008;GRAD_OCUP_PARC_FIN_SEMA;31.12450854246824;A
A;ES612;2007;GRAD_OCUP_PARC_FIN_SEMA;33.16934077788199;A
A;ES613;2020;GRAD_OCUP_PARC_FIN_SEMA;12.129999999987414;A
A;ES613;2019;GRAD_OCUP_PARC_FIN_SEMA;17.343596023682338;A
A;ES613;2018;GRAD_OCUP_PARC_FIN_SEMA;17.547096603742027;A
A;ES613;2017;GRAD_OCUP_PARC_FIN_SEMA;17.085235575984793;A
A;ES613;2016;GRAD_OCUP_PARC_FIN_SEMA;17.666337812513316;A
A;ES613;2015;GRAD_OCUP_PARC_FIN_SEMA;18.362609611994845;A
A;ES613;2014;GRAD_OCUP_PARC_FIN_SEMA;18.351824840821138;A
A;ES613;2013;GRAD_OCUP_PARC_FIN_SEMA;18.736939865056886;A
A;ES613;2012;GRAD_OCUP_PARC_FIN_SEMA;19.302897547901402;A
A;ES613;2011;GRAD_OCUP_PARC_FIN_SEMA;21.69338296737615;A
A;ES613;2010;GRAD_OCUP_PARC_FIN_SEMA;21.938634377285602;A
A;ES613;2009;GRAD_OCUP_PARC_FIN_SEMA;15.575100845377376;A
A;ES613;2008;GRAD_OCUP_PARC_FIN_SEMA;16.02224346397023;A
A;ES613;2007;GRAD_OCUP_PARC_FIN_SEMA;12.694895837859319;A
A;ES614;2020;GRAD_OCUP_PARC_FIN_SEMA;26.130000000006692;A
A;ES614;2019;GRAD_OCUP_PARC_FIN_SEMA;28.89412269871291;A
A;ES614;2018;GRAD_OCUP_PARC_FIN_SEMA;27.094310769606093;A
A;ES614;2017;GRAD_OCUP_PARC_FIN_SEMA;28.57074049910457;A
A;ES614;2016;GRAD_OCUP_PARC_FIN_SEMA;24.331888260045115;A
A;ES614;2015;GRAD_OCUP_PARC_FIN_SEMA;22.35802742575397;A
A;ES614;2014;GRAD_OCUP_PARC_FIN_SEMA;18.929054429554753;A
A;ES614;2013;GRAD_OCUP_PARC_FIN_SEMA;18.031677267600315;A
A;ES614;2012;GRAD_OCUP_PARC_FIN_SEMA;20.109910893452675;A
A;ES614;2011;GRAD_OCUP_PARC_FIN_SEMA;21.98101602081627;A
A;ES614;2010;GRAD_OCUP_PARC_FIN_SEMA;23.48349808148212;A
A;ES614;2009;GRAD_OCUP_PARC_FIN_SEMA;26.88949207356874;A
A;ES614;2008;GRAD_OCUP_PARC_FIN_SEMA;27.77555809188794;A
A;ES614;2007;GRAD_OCUP_PARC_FIN_SEMA;24.663550134918683;A
A;ES615;2020;GRAD_OCUP_PARC_FIN_SEMA;31.08999999999448;A
A;ES615;2019;GRAD_OCUP_PARC_FIN_SEMA;32.02553712720074;A
A;ES615;2018;GRAD_OCUP_PARC_FIN_SEMA;26.345244198585135;A
A;ES615;2017;GRAD_OCUP_PARC_FIN_SEMA;25.519684044260586;A
A;ES615;2016;GRAD_OCUP_PARC_FIN_SEMA;28.057305010467907;A
A;ES615;2015;GRAD_OCUP_PARC_FIN_SEMA;27.413909253870074;A
A;ES615;2014;GRAD_OCUP_PARC_FIN_SEMA;26.45447475683574;A
A;ES615;2013;GRAD_OCUP_PARC_FIN_SEMA;27.22189440361472;A
A;ES615;2012;GRAD_OCUP_PARC_FIN_SEMA;26.13066594556117;A
A;ES615;2011;GRAD_OCUP_PARC_FIN_SEMA;26.541176913184884;A
A;ES615;2010;GRAD_OCUP_PARC_FIN_SEMA;23.306744462262827;A
A;ES615;2009;GRAD_OCUP_PARC_FIN_SEMA;22.404275670850918;A
A;ES615;2008;GRAD_OCUP_PARC_FIN_SEMA;20.787219226079394;A
A;ES615;2007;GRAD_OCUP_PARC_FIN_SEMA;23.773535711554445;A
A;ES616;2020;GRAD_OCUP_PARC_FIN_SEMA;21.22000000000479;A
A;ES616;2019;GRAD_OCUP_PARC_FIN_SEMA;18.14196690446022;A
A;ES616;2018;GRAD_OCUP_PARC_FIN_SEMA;19.137106182937558;A
A;ES616;2017;GRAD_OCUP_PARC_FIN_SEMA;18.867986664745573;A
A;ES616;2016;GRAD_OCUP_PARC_FIN_SEMA;19.49815583881379;A
A;ES616;2015;GRAD_OCUP_PARC_FIN_SEMA;16.699566623062534;A
A;ES616;2014;GRAD_OCUP_PARC_FIN_SEMA;16.362465095025463;A
A;ES616;2013;GRAD_OCUP_PARC_FIN_SEMA;16.578400813722574;A
A;ES616;2012;GRAD_OCUP_PARC_FIN_SEMA;15.118328821871147;A
A;ES616;2011;GRAD_OCUP_PARC_FIN_SEMA;16.828352864008206;A
A;ES616;2010;GRAD_OCUP_PARC_FIN_SEMA;18.1022218233385;A
A;ES616;2009;GRAD_OCUP_PARC_FIN_SEMA;18.80462942292015;A
A;ES616;2008;GRAD_OCUP_PARC_FIN_SEMA;17.525857452886942;A
A;ES616;2007;GRAD_OCUP_PARC_FIN_SEMA;17.179607514392472;A
A;ES617;2020;GRAD_OCUP_PARC_FIN_SEMA;36.630000000007875;A
A;ES617;2019;GRAD_OCUP_PARC_FIN_SEMA;47.01812294680021;A
A;ES617;2018;GRAD_OCUP_PARC_FIN_SEMA;45.73968497444853;A
A;ES617;2017;GRAD_OCUP_PARC_FIN_SEMA;46.55007564218756;A
A;ES617;2016;GRAD_OCUP_PARC_FIN_SEMA;44.29422903387066;A
A;ES617;2015;GRAD_OCUP_PARC_FIN_SEMA;41.683994923860986;A
A;ES617;2014;GRAD_OCUP_PARC_FIN_SEMA;38.921406769057775;A
A;ES617;2013;GRAD_OCUP_PARC_FIN_SEMA;36.917511977860855;A
A;ES617;2012;GRAD_OCUP_PARC_FIN_SEMA;36.47837235229831;A
A;ES617;2011;GRAD_OCUP_PARC_FIN_SEMA;40.79034525456933;A
A;ES617;2010;GRAD_OCUP_PARC_FIN_SEMA;41.866138970290756;A
A;ES617;2009;GRAD_OCUP_PARC_FIN_SEMA;43.437311321089624;A
A;ES617;2008;GRAD_OCUP_PARC_FIN_SEMA;43.96506630962253;A
A;ES617;2007;GRAD_OCUP_PARC_FIN_SEMA;41.32695162995919;A
A;ES618;2020;GRAD_OCUP_PARC_FIN_SEMA;30.069999999966818;A
A;ES618;2019;GRAD_OCUP_PARC_FIN_SEMA;24.843255623457846;A
A;ES618;2018;GRAD_OCUP_PARC_FIN_SEMA;24.805792993485227;A
A;ES618;2017;GRAD_OCUP_PARC_FIN_SEMA;25.777034597082473;A
A;ES618;2016;GRAD_OCUP_PARC_FIN_SEMA;27.900750310160657;A
A;ES618;2015;GRAD_OCUP_PARC_FIN_SEMA;27.95254208177433;A
A;ES618;2014;GRAD_OCUP_PARC_FIN_SEMA;26.608950982786126;A
A;ES618;2013;GRAD_OCUP_PARC_FIN_SEMA;30.547696165012002;A
A;ES618;2012;GRAD_OCUP_PARC_FIN_SEMA;23.093839154553685;A
A;ES618;2011;GRAD_OCUP_PARC_FIN_SEMA;24.225537755474882;A
A;ES618;2010;GRAD_OCUP_PARC_FIN_SEMA;24.517896788703286;A
A;ES618;2009;GRAD_OCUP_PARC_FIN_SEMA;26.920265103799796;A
A;ES618;2008;GRAD_OCUP_PARC_FIN_SEMA;25.98141150461195;A
A;ES618;2007;GRAD_OCUP_PARC_FIN_SEMA;27.90470843745236;A
A;ES61;2020;GRAD_OCUP_PARC_FIN_SEMA;30.215719003749822;A
A;ES61;2019;GRAD_OCUP_PARC_FIN_SEMA;33.44803896623208;A
A;ES61;2018;GRAD_OCUP_PARC_FIN_SEMA;31.360520596844093;A
A;ES61;2017;GRAD_OCUP_PARC_FIN_SEMA;31.862696311223896;A
A;ES61;2016;GRAD_OCUP_PARC_FIN_SEMA;30.227821053771077;A
A;ES61;2015;GRAD_OCUP_PARC_FIN_SEMA;29.292539965053862;A
A;ES61;2014;GRAD_OCUP_PARC_FIN_SEMA;27.913090631626115;A
A;ES61;2013;GRAD_OCUP_PARC_FIN_SEMA;26.64642256195789;A
A;ES61;2012;GRAD_OCUP_PARC_FIN_SEMA;26.184840121690982;A
A;ES61;2011;GRAD_OCUP_PARC_FIN_SEMA;28.970676525329583;A
A;ES61;2010;GRAD_OCUP_PARC_FIN_SEMA;28.350528966016014;A
A;ES61;2009;GRAD_OCUP_PARC_FIN_SEMA;28.561056695229095;A
A;ES61;2008;GRAD_OCUP_PARC_FIN_SEMA;28.139016883026017;A
A;ES61;2007;GRAD_OCUP_PARC_FIN_SEMA;27.905223048012452;A
P;ES611;2021;GRAD_OCUP_PARC_FIN_SEMA;33.48824128560187;A
P;ES612;2021;GRAD_OCUP_PARC_FIN_SEMA;38.198194469860034;A
P;ES613;2021;GRAD_OCUP_PARC_FIN_SEMA;15.69575329771363;A
P;ES614;2021;GRAD_OCUP_PARC_FIN_SEMA;27.240511833305387;A
P;ES615;2021;GRAD_OCUP_PARC_FIN_SEMA;35.259358338546996;A
P;ES616;2021;GRAD_OCUP_PARC_FIN_SEMA;24.115607836929982;A
P;ES617;2021;GRAD_OCUP_PARC_FIN_SEMA;43.14005093328596;A
P;ES618;2021;GRAD_OCUP_PARC_FIN_SEMA;33.748123523941;A
P;ES61;2021;GRAD_OCUP_PARC_FIN_SEMA;34.98484668665112;A
